{
"type": "FeatureCollection",
"name": "elevation_contours",
"crs": { "type": "name", "properties": { "name": "urn:ogc:def:crs:OGC:1.3:CRS84" } },
"features": [
{ "type": "Feature", "properties": { "elevation_m": -300.0 }, "geometry": { "type": "LineString", "coordinates": [ [ 76.067676767676758, 11.490909090909092 ], [ 76.072727272727263, 11.490909090909092 ], [ 76.062626262626253, 11.495959595959595 ], [ 76.072727272727263, 11.495959595959595 ], [ 75.8, 11.753535353535353 ], [ 75.805050505050502, 11.753535353535353 ] ] } },
{ "type": "Feature", "properties": { "elevation_m": -250.0 }, "geometry": { "type": "LineString", "coordinates": [ [ 76.062626262626253, 11.485858585858587 ], [ 76.077777777777769, 11.485858585858587 ], [ 76.057575757575748, 11.490909090909092 ], [ 76.082828282828274, 11.490909090909092 ], [ 76.057575757575748, 11.495959595959595 ], [ 76.082828282828274, 11.495959595959595 ], [ 76.057575757575748, 11.501010101010101 ], [ 76.077777777777769, 11.501010101010101 ], [ 75.810101010101008, 11.748484848484848 ], [ 76.148484848484841, 11.748484848484848 ], [ 76.168686868686862, 11.748484848484848 ], [ 75.815151515151513, 11.753535353535353 ], [ 76.143434343434336, 11.753535353535353 ], [ 76.168686868686862, 11.753535353535353 ], [ 75.810101010101008, 11.758585858585858 ], [ 76.148484848484841, 11.758585858585858 ], [ 76.163636363636357, 11.758585858585858 ], [ 75.805050505050502, 11.763636363636364 ] ] } },
{ "type": "Feature", "properties": { "elevation_m": -200.0 }, "geometry": { "type": "LineString", "coordinates": [ [ 76.067676767676758, 11.480808080808082 ], [ 76.072727272727263, 11.480808080808082 ], [ 76.052525252525243, 11.485858585858587 ], [ 76.082828282828274, 11.485858585858587 ], [ 76.052525252525243, 11.490909090909092 ], [ 76.087878787878779, 11.490909090909092 ], [ 76.047474747474752, 11.495959595959595 ], [ 76.087878787878779, 11.495959595959595 ], [ 76.052525252525243, 11.501010101010101 ], [ 76.087878787878779, 11.501010101010101 ], [ 76.057575757575748, 11.506060606060606 ], [ 76.077777777777769, 11.506060606060606 ], [ 75.815151515151513, 11.743434343434345 ], [ 76.143434343434336, 11.743434343434345 ], [ 76.168686868686862, 11.743434343434345 ], [ 75.820202020202018, 11.748484848484848 ], [ 76.138383838383831, 11.748484848484848 ], [ 76.173737373737367, 11.748484848484848 ], [ 75.820202020202018, 11.753535353535353 ], [ 76.138383838383831, 11.753535353535353 ], [ 76.173737373737367, 11.753535353535353 ], [ 75.820202020202018, 11.758585858585858 ], [ 76.138383838383831, 11.758585858585858 ], [ 76.173737373737367, 11.758585858585858 ], [ 75.815151515151513, 11.763636363636364 ], [ 76.148484848484841, 11.763636363636364 ], [ 76.163636363636357, 11.763636363636364 ] ] } },
{ "type": "Feature", "properties": { "elevation_m": -150.0 }, "geometry": { "type": "LineString", "coordinates": [ [ 76.057575757575748, 11.480808080808082 ], [ 76.082828282828274, 11.480808080808082 ], [ 76.047474747474752, 11.485858585858587 ], [ 76.087878787878779, 11.485858585858587 ], [ 76.047474747474752, 11.490909090909092 ], [ 76.092929292929284, 11.490909090909092 ], [ 76.047474747474752, 11.495959595959595 ], [ 76.092929292929284, 11.495959595959595 ], [ 76.047474747474752, 11.501010101010101 ], [ 76.092929292929284, 11.501010101010101 ], [ 76.052525252525243, 11.506060606060606 ], [ 76.087878787878779, 11.506060606060606 ], [ 75.8, 11.738383838383839 ], [ 75.805050505050502, 11.738383838383839 ], [ 76.148484848484841, 11.738383838383839 ], [ 76.168686868686862, 11.738383838383839 ], [ 75.820202020202018, 11.743434343434345 ], [ 76.138383838383831, 11.743434343434345 ], [ 76.173737373737367, 11.743434343434345 ], [ 75.825252525252523, 11.748484848484848 ], [ 76.133333333333326, 11.748484848484848 ], [ 76.178787878787873, 11.748484848484848 ], [ 75.825252525252523, 11.753535353535353 ], [ 76.133333333333326, 11.753535353535353 ], [ 76.178787878787873, 11.753535353535353 ], [ 75.825252525252523, 11.758585858585858 ], [ 76.133333333333326, 11.758585858585858 ], [ 76.178787878787873, 11.758585858585858 ], [ 75.820202020202018, 11.763636363636364 ], [ 76.138383838383831, 11.763636363636364 ], [ 76.173737373737367, 11.763636363636364 ], [ 75.810101010101008, 11.768686868686869 ], [ 76.062626262626253, 11.854545454545455 ], [ 76.067676767676758, 11.854545454545455 ], [ 76.057575757575748, 11.859595959595961 ], [ 76.072727272727263, 11.859595959595961 ], [ 76.057575757575748, 11.864646464646466 ], [ 76.072727272727263, 11.864646464646466 ] ] } },
{ "type": "Feature", "properties": { "elevation_m": -100.0 }, "geometry": { "type": "LineString", "coordinates": [ [ 76.153535353535347, 11.4 ], [ 76.168686868686862, 11.4 ], [ 76.062626262626253, 11.475757575757576 ], [ 76.077777777777769, 11.475757575757576 ], [ 76.052525252525243, 11.480808080808082 ], [ 76.087878787878779, 11.480808080808082 ], [ 76.047474747474752, 11.485858585858587 ], [ 76.092929292929284, 11.485858585858587 ], [ 76.042424242424246, 11.490909090909092 ], [ 76.097979797979789, 11.490909090909092 ], [ 76.042424242424246, 11.495959595959595 ], [ 76.097979797979789, 11.495959595959595 ], [ 76.042424242424246, 11.501010101010101 ], [ 76.092929292929284, 11.501010101010101 ], [ 76.047474747474752, 11.506060606060606 ], [ 76.092929292929284, 11.506060606060606 ], [ 76.052525252525243, 11.511111111111111 ], [ 76.082828282828274, 11.511111111111111 ], [ 75.820202020202018, 11.738383838383839 ], [ 76.138383838383831, 11.738383838383839 ], [ 76.173737373737367, 11.738383838383839 ], [ 75.825252525252523, 11.743434343434345 ], [ 76.133333333333326, 11.743434343434345 ], [ 76.178787878787873, 11.743434343434345 ], [ 75.830303030303028, 11.748484848484848 ], [ 76.128282828282821, 11.748484848484848 ], [ 76.183838383838378, 11.748484848484848 ], [ 75.830303030303028, 11.753535353535353 ], [ 76.128282828282821, 11.753535353535353 ], [ 76.183838383838378, 11.753535353535353 ], [ 75.825252525252523, 11.758585858585858 ], [ 76.133333333333326, 11.758585858585858 ], [ 76.178787878787873, 11.758585858585858 ], [ 75.825252525252523, 11.763636363636364 ], [ 76.133333333333326, 11.763636363636364 ], [ 76.178787878787873, 11.763636363636364 ], [ 75.815151515151513, 11.768686868686869 ], [ 76.143434343434336, 11.768686868686869 ], [ 76.168686868686862, 11.768686868686869 ], [ 76.057575757575748, 11.84949494949495 ], [ 76.072727272727263, 11.84949494949495 ], [ 76.052525252525243, 11.854545454545455 ], [ 76.077777777777769, 11.854545454545455 ], [ 76.047474747474752, 11.859595959595961 ], [ 76.082828282828274, 11.859595959595961 ], [ 76.047474747474752, 11.864646464646466 ], [ 76.082828282828274, 11.864646464646466 ], [ 76.052525252525243, 11.869696969696971 ], [ 76.077777777777769, 11.869696969696971 ] ] } },
{ "type": "Feature", "properties": { "elevation_m": -50.0 }, "geometry": { "type": "LineString", "coordinates": [ [ 75.8, 11.4 ], [ 75.810101010101008, 11.4 ], [ 76.143434343434336, 11.4 ], [ 76.173737373737367, 11.4 ], [ 76.057575757575748, 11.475757575757576 ], [ 76.087878787878779, 11.475757575757576 ], [ 76.047474747474752, 11.480808080808082 ], [ 76.092929292929284, 11.480808080808082 ], [ 75.88080808080808, 11.485858585858587 ], [ 75.895959595959596, 11.485858585858587 ], [ 76.042424242424246, 11.485858585858587 ], [ 76.097979797979789, 11.485858585858587 ], [ 75.875757575757575, 11.490909090909092 ], [ 75.901010101010101, 11.490909090909092 ], [ 76.037373737373741, 11.490909090909092 ], [ 76.097979797979789, 11.490909090909092 ], [ 76.239393939393935, 11.490909090909092 ], [ 76.259595959595956, 11.490909090909092 ], [ 75.875757575757575, 11.495959595959595 ], [ 75.901010101010101, 11.495959595959595 ], [ 76.037373737373741, 11.495959595959595 ], [ 76.097979797979789, 11.495959595959595 ], [ 76.239393939393935, 11.495959595959595 ], [ 76.259595959595956, 11.495959595959595 ], [ 75.885858585858585, 11.501010101010101 ], [ 75.890909090909091, 11.501010101010101 ], [ 76.037373737373741, 11.501010101010101 ], [ 76.097979797979789, 11.501010101010101 ], [ 76.24444444444444, 11.501010101010101 ], [ 76.25454545454545, 11.501010101010101 ], [ 76.042424242424246, 11.506060606060606 ], [ 76.097979797979789, 11.506060606060606 ], [ 76.047474747474752, 11.511111111111111 ], [ 76.087878787878779, 11.511111111111111 ], [ 75.8, 11.733333333333334 ], [ 75.805050505050502, 11.733333333333334 ], [ 76.148484848484841, 11.733333333333334 ], [ 76.168686868686862, 11.733333333333334 ], [ 75.825252525252523, 11.738383838383839 ], [ 76.133333333333326, 11.738383838383839 ], [ 76.178787878787873, 11.738383838383839 ], [ 75.830303030303028, 11.743434343434345 ], [ 76.128282828282821, 11.743434343434345 ], [ 76.183838383838378, 11.743434343434345 ], [ 75.830303030303028, 11.748484848484848 ], [ 75.976767676767679, 11.748484848484848 ], [ 75.981818181818184, 11.748484848484848 ], [ 76.128282828282821, 11.748484848484848 ], [ 76.188888888888883, 11.748484848484848 ], [ 75.830303030303028, 11.753535353535353 ], [ 75.971717171717174, 11.753535353535353 ], [ 75.986868686868689, 11.753535353535353 ], [ 76.128282828282821, 11.753535353535353 ], [ 76.183838383838378, 11.753535353535353 ], [ 75.830303030303028, 11.758585858585858 ], [ 75.976767676767679, 11.758585858585858 ], [ 75.986868686868689, 11.758585858585858 ], [ 76.128282828282821, 11.758585858585858 ], [ 76.183838383838378, 11.758585858585858 ], [ 75.825252525252523, 11.763636363636364 ], [ 76.128282828282821, 11.763636363636364 ], [ 76.178787878787873, 11.763636363636364 ], [ 75.820202020202018, 11.768686868686869 ], [ 76.138383838383831, 11.768686868686869 ], [ 76.173737373737367, 11.768686868686869 ], [ 75.810101010101008, 11.773737373737374 ], [ 76.062626262626253, 11.844444444444445 ], [ 76.072727272727263, 11.844444444444445 ], [ 76.052525252525243, 11.84949494949495 ], [ 76.082828282828274, 11.84949494949495 ], [ 76.047474747474752, 11.854545454545455 ], [ 76.082828282828274, 11.854545454545455 ], [ 76.042424242424246, 11.859595959595961 ], [ 76.087878787878779, 11.859595959595961 ], [ 76.24444444444444, 11.859595959595961 ], [ 76.264646464646461, 11.859595959595961 ], [ 76.042424242424246, 11.864646464646466 ], [ 76.087878787878779, 11.864646464646466 ], [ 76.239393939393935, 11.864646464646466 ], [ 76.264646464646461, 11.864646464646466 ], [ 76.042424242424246, 11.869696969696971 ], [ 76.082828282828274, 11.869696969696971 ], [ 76.24444444444444, 11.869696969696971 ], [ 76.264646464646461, 11.869696969696971 ], [ 76.052525252525243, 11.874747474747474 ], [ 76.072727272727263, 11.874747474747474 ] ] } },
{ "type": "Feature", "properties": { "elevation_m": 0.0 }, "geometry": { "type": "LineString", "coordinates": [ [ 75.820202020202018, 11.4 ], [ 76.138383838383831, 11.4 ], [ 76.178787878787873, 11.4 ], [ 76.148484848484841, 11.405050505050506 ], [ 76.173737373737367, 11.405050505050506 ], [ 76.067676767676758, 11.470707070707071 ], [ 76.077777777777769, 11.470707070707071 ], [ 76.047474747474752, 11.475757575757576 ], [ 76.092929292929284, 11.475757575757576 ], [ 75.875757575757575, 11.480808080808082 ], [ 75.895959595959596, 11.480808080808082 ], [ 76.042424242424246, 11.480808080808082 ], [ 76.097979797979789, 11.480808080808082 ], [ 75.87070707070707, 11.485858585858587 ], [ 75.901010101010101, 11.485858585858587 ], [ 76.037373737373741, 11.485858585858587 ], [ 76.103030303030295, 11.485858585858587 ], [ 76.239393939393935, 11.485858585858587 ], [ 76.259595959595956, 11.485858585858587 ], [ 75.865656565656565, 11.490909090909092 ], [ 75.906060606060606, 11.490909090909092 ], [ 76.037373737373741, 11.490909090909092 ], [ 76.103030303030295, 11.490909090909092 ], [ 76.23434343434343, 11.490909090909092 ], [ 76.264646464646461, 11.490909090909092 ], [ 75.865656565656565, 11.495959595959595 ], [ 75.906060606060606, 11.495959595959595 ], [ 76.037373737373741, 11.495959595959595 ], [ 76.103030303030295, 11.495959595959595 ], [ 76.23434343434343, 11.495959595959595 ], [ 76.269696969696966, 11.495959595959595 ], [ 75.87070707070707, 11.501010101010101 ], [ 75.901010101010101, 11.501010101010101 ], [ 76.037373737373741, 11.501010101010101 ], [ 76.103030303030295, 11.501010101010101 ], [ 76.23434343434343, 11.501010101010101 ], [ 76.264646464646461, 11.501010101010101 ], [ 76.037373737373741, 11.506060606060606 ], [ 76.097979797979789, 11.506060606060606 ], [ 76.24444444444444, 11.506060606060606 ], [ 76.25454545454545, 11.506060606060606 ], [ 76.042424242424246, 11.511111111111111 ], [ 76.092929292929284, 11.511111111111111 ], [ 76.052525252525243, 11.516161616161616 ], [ 76.082828282828274, 11.516161616161616 ], [ 75.971717171717174, 11.591919191919192 ], [ 75.986868686868689, 11.591919191919192 ], [ 75.966666666666669, 11.596969696969698 ], [ 75.991919191919195, 11.596969696969698 ], [ 75.961616161616163, 11.602020202020203 ], [ 75.991919191919195, 11.602020202020203 ], [ 75.961616161616163, 11.607070707070708 ], [ 75.991919191919195, 11.607070707070708 ], [ 76.23434343434343, 11.637373737373737 ], [ 76.259595959595956, 11.637373737373737 ], [ 75.885858585858585, 11.642424242424243 ], [ 75.901010101010101, 11.642424242424243 ], [ 76.23434343434343, 11.642424242424243 ], [ 76.264646464646461, 11.642424242424243 ], [ 75.88080808080808, 11.647474747474748 ], [ 75.901010101010101, 11.647474747474748 ], [ 76.23434343434343, 11.647474747474748 ], [ 76.259595959595956, 11.647474747474748 ], [ 75.885858585858585, 11.652525252525253 ], [ 75.901010101010101, 11.652525252525253 ], [ 76.23434343434343, 11.652525252525253 ], [ 76.259595959595956, 11.652525252525253 ], [ 75.820202020202018, 11.733333333333334 ], [ 76.138383838383831, 11.733333333333334 ], [ 76.178787878787873, 11.733333333333334 ], [ 75.830303030303028, 11.738383838383839 ], [ 76.128282828282821, 11.738383838383839 ], [ 76.183838383838378, 11.738383838383839 ], [ 75.835353535353534, 11.743434343434345 ], [ 75.971717171717174, 11.743434343434345 ], [ 75.986868686868689, 11.743434343434345 ], [ 76.123232323232315, 11.743434343434345 ], [ 76.188888888888883, 11.743434343434345 ], [ 75.835353535353534, 11.748484848484848 ], [ 75.966666666666669, 11.748484848484848 ], [ 75.991919191919195, 11.748484848484848 ], [ 76.123232323232315, 11.748484848484848 ], [ 76.188888888888883, 11.748484848484848 ], [ 75.835353535353534, 11.753535353535353 ], [ 75.961616161616163, 11.753535353535353 ], [ 75.9969696969697, 11.753535353535353 ], [ 76.123232323232315, 11.753535353535353 ], [ 76.188888888888883, 11.753535353535353 ], [ 75.835353535353534, 11.758585858585858 ], [ 75.966666666666669, 11.758585858585858 ], [ 75.9969696969697, 11.758585858585858 ], [ 76.123232323232315, 11.758585858585858 ], [ 76.188888888888883, 11.758585858585858 ], [ 75.830303030303028, 11.763636363636364 ], [ 75.971717171717174, 11.763636363636364 ], [ 75.991919191919195, 11.763636363636364 ], [ 76.128282828282821, 11.763636363636364 ], [ 76.183838383838378, 11.763636363636364 ], [ 75.825252525252523, 11.768686868686869 ], [ 76.133333333333326, 11.768686868686869 ], [ 76.178787878787873, 11.768686868686869 ], [ 75.820202020202018, 11.773737373737374 ], [ 76.138383838383831, 11.773737373737374 ], [ 76.168686868686862, 11.773737373737374 ], [ 76.052525252525243, 11.844444444444445 ], [ 76.082828282828274, 11.844444444444445 ], [ 76.047474747474752, 11.84949494949495 ], [ 76.087878787878779, 11.84949494949495 ], [ 76.042424242424246, 11.854545454545455 ], [ 76.087878787878779, 11.854545454545455 ], [ 76.239393939393935, 11.854545454545455 ], [ 76.264646464646461, 11.854545454545455 ], [ 76.037373737373741, 11.859595959595961 ], [ 76.092929292929284, 11.859595959595961 ], [ 76.23434343434343, 11.859595959595961 ], [ 76.269696969696966, 11.859595959595961 ], [ 76.037373737373741, 11.864646464646466 ], [ 76.092929292929284, 11.864646464646466 ], [ 76.23434343434343, 11.864646464646466 ], [ 76.274747474747471, 11.864646464646466 ], [ 76.037373737373741, 11.869696969696971 ], [ 76.087878787878779, 11.869696969696971 ], [ 76.23434343434343, 11.869696969696971 ], [ 76.274747474747471, 11.869696969696971 ], [ 76.042424242424246, 11.874747474747474 ], [ 76.082828282828274, 11.874747474747474 ], [ 76.239393939393935, 11.874747474747474 ], [ 76.269696969696966, 11.874747474747474 ] ] } },
{ "type": "Feature", "properties": { "elevation_m": 50.0 }, "geometry": { "type": "LineString", "coordinates": [ [ 75.825252525252523, 11.4 ], [ 76.133333333333326, 11.4 ], [ 76.183838383838378, 11.4 ], [ 75.815151515151513, 11.405050505050506 ], [ 76.138383838383831, 11.405050505050506 ], [ 76.178787878787873, 11.405050505050506 ], [ 76.153535353535347, 11.410101010101011 ], [ 76.163636363636357, 11.410101010101011 ], [ 76.057575757575748, 11.470707070707071 ], [ 76.087878787878779, 11.470707070707071 ], [ 76.047474747474752, 11.475757575757576 ], [ 76.097979797979789, 11.475757575757576 ], [ 75.87070707070707, 11.480808080808082 ], [ 75.901010101010101, 11.480808080808082 ], [ 76.037373737373741, 11.480808080808082 ], [ 76.103030303030295, 11.480808080808082 ], [ 76.239393939393935, 11.480808080808082 ], [ 76.259595959595956, 11.480808080808082 ], [ 75.865656565656565, 11.485858585858587 ], [ 75.906060606060606, 11.485858585858587 ], [ 76.037373737373741, 11.485858585858587 ], [ 76.103030303030295, 11.485858585858587 ], [ 76.229292929292924, 11.485858585858587 ], [ 76.269696969696966, 11.485858585858587 ], [ 75.860606060606059, 11.490909090909092 ], [ 75.911111111111111, 11.490909090909092 ], [ 76.032323232323236, 11.490909090909092 ], [ 76.1080808080808, 11.490909090909092 ], [ 76.229292929292924, 11.490909090909092 ], [ 76.269696969696966, 11.490909090909092 ], [ 75.860606060606059, 11.495959595959595 ], [ 75.911111111111111, 11.495959595959595 ], [ 76.032323232323236, 11.495959595959595 ], [ 76.1080808080808, 11.495959595959595 ], [ 76.229292929292924, 11.495959595959595 ], [ 76.274747474747471, 11.495959595959595 ], [ 75.865656565656565, 11.501010101010101 ], [ 75.911111111111111, 11.501010101010101 ], [ 76.032323232323236, 11.501010101010101 ], [ 76.1080808080808, 11.501010101010101 ], [ 76.229292929292924, 11.501010101010101 ], [ 76.274747474747471, 11.501010101010101 ], [ 75.87070707070707, 11.506060606060606 ], [ 75.901010101010101, 11.506060606060606 ], [ 76.032323232323236, 11.506060606060606 ], [ 76.103030303030295, 11.506060606060606 ], [ 76.23434343434343, 11.506060606060606 ], [ 76.269696969696966, 11.506060606060606 ], [ 76.037373737373741, 11.511111111111111 ], [ 76.097979797979789, 11.511111111111111 ], [ 76.042424242424246, 11.516161616161616 ], [ 76.087878787878779, 11.516161616161616 ], [ 75.966666666666669, 11.586868686868687 ], [ 75.991919191919195, 11.586868686868687 ], [ 75.961616161616163, 11.591919191919192 ], [ 75.9969696969697, 11.591919191919192 ], [ 75.961616161616163, 11.596969696969698 ], [ 75.9969696969697, 11.596969696969698 ], [ 75.956565656565658, 11.602020202020203 ], [ 75.9969696969697, 11.602020202020203 ], [ 75.956565656565658, 11.607070707070708 ], [ 75.9969696969697, 11.607070707070708 ], [ 75.956565656565658, 11.612121212121213 ], [ 75.9969696969697, 11.612121212121213 ], [ 76.23434343434343, 11.632323232323232 ], [ 76.264646464646461, 11.632323232323232 ], [ 75.88080808080808, 11.637373737373737 ], [ 75.911111111111111, 11.637373737373737 ], [ 76.224242424242419, 11.637373737373737 ], [ 76.269696969696966, 11.637373737373737 ], [ 75.875757575757575, 11.642424242424243 ], [ 75.911111111111111, 11.642424242424243 ], [ 76.224242424242419, 11.642424242424243 ], [ 76.269696969696966, 11.642424242424243 ], [ 75.875757575757575, 11.647474747474748 ], [ 75.911111111111111, 11.647474747474748 ], [ 76.224242424242419, 11.647474747474748 ], [ 76.269696969696966, 11.647474747474748 ], [ 75.875757575757575, 11.652525252525253 ], [ 75.906060606060606, 11.652525252525253 ], [ 76.229292929292924, 11.652525252525253 ], [ 76.264646464646461, 11.652525252525253 ], [ 75.875757575757575, 11.657575757575758 ], [ 75.906060606060606, 11.657575757575758 ], [ 76.23434343434343, 11.657575757575758 ], [ 76.259595959595956, 11.657575757575758 ], [ 75.885858585858585, 11.662626262626263 ], [ 75.895959595959596, 11.662626262626263 ], [ 76.24444444444444, 11.662626262626263 ], [ 76.249494949494945, 11.662626262626263 ], [ 76.148484848484841, 11.728282828282829 ], [ 76.168686868686862, 11.728282828282829 ], [ 75.825252525252523, 11.733333333333334 ], [ 76.133333333333326, 11.733333333333334 ], [ 76.183838383838378, 11.733333333333334 ], [ 75.835353535353534, 11.738383838383839 ], [ 76.123232323232315, 11.738383838383839 ], [ 76.188888888888883, 11.738383838383839 ], [ 75.835353535353534, 11.743434343434345 ], [ 75.961616161616163, 11.743434343434345 ], [ 75.9969696969697, 11.743434343434345 ], [ 76.123232323232315, 11.743434343434345 ], [ 76.193939393939388, 11.743434343434345 ], [ 75.840404040404039, 11.748484848484848 ], [ 75.956565656565658, 11.748484848484848 ], [ 76.002020202020205, 11.748484848484848 ], [ 76.11818181818181, 11.748484848484848 ], [ 76.193939393939388, 11.748484848484848 ], [ 75.840404040404039, 11.753535353535353 ], [ 75.956565656565658, 11.753535353535353 ], [ 76.002020202020205, 11.753535353535353 ], [ 76.11818181818181, 11.753535353535353 ], [ 76.193939393939388, 11.753535353535353 ], [ 75.835353535353534, 11.758585858585858 ], [ 75.956565656565658, 11.758585858585858 ], [ 76.002020202020205, 11.758585858585858 ], [ 76.11818181818181, 11.758585858585858 ], [ 76.188888888888883, 11.758585858585858 ], [ 75.835353535353534, 11.763636363636364 ], [ 75.961616161616163, 11.763636363636364 ], [ 75.9969696969697, 11.763636363636364 ], [ 76.123232323232315, 11.763636363636364 ], [ 76.188888888888883, 11.763636363636364 ], [ 75.830303030303028, 11.768686868686869 ], [ 75.976767676767679, 11.768686868686869 ], [ 75.986868686868689, 11.768686868686869 ], [ 76.128282828282821, 11.768686868686869 ], [ 76.183838383838378, 11.768686868686869 ], [ 75.825252525252523, 11.773737373737374 ], [ 76.133333333333326, 11.773737373737374 ], [ 76.173737373737367, 11.773737373737374 ], [ 75.810101010101008, 11.778787878787879 ], [ 76.057575757575748, 11.83939393939394 ], [ 76.077777777777769, 11.83939393939394 ], [ 76.047474747474752, 11.844444444444445 ], [ 76.087878787878779, 11.844444444444445 ], [ 76.042424242424246, 11.84949494949495 ], [ 76.087878787878779, 11.84949494949495 ], [ 76.24444444444444, 11.84949494949495 ], [ 76.264646464646461, 11.84949494949495 ], [ 75.885858585858585, 11.854545454545455 ], [ 75.895959595959596, 11.854545454545455 ], [ 76.037373737373741, 11.854545454545455 ], [ 76.092929292929284, 11.854545454545455 ], [ 76.23434343434343, 11.854545454545455 ], [ 76.269696969696966, 11.854545454545455 ], [ 75.88080808080808, 11.859595959595961 ], [ 75.906060606060606, 11.859595959595961 ], [ 76.037373737373741, 11.859595959595961 ], [ 76.092929292929284, 11.859595959595961 ], [ 76.229292929292924, 11.859595959595961 ], [ 76.274747474747471, 11.859595959595961 ], [ 75.875757575757575, 11.864646464646466 ], [ 75.906060606060606, 11.864646464646466 ], [ 76.032323232323236, 11.864646464646466 ], [ 76.092929292929284, 11.864646464646466 ], [ 76.229292929292924, 11.864646464646466 ], [ 76.279797979797976, 11.864646464646466 ], [ 75.88080808080808, 11.869696969696971 ], [ 75.906060606060606, 11.869696969696971 ], [ 76.032323232323236, 11.869696969696971 ], [ 76.092929292929284, 11.869696969696971 ], [ 76.229292929292924, 11.869696969696971 ], [ 76.279797979797976, 11.869696969696971 ], [ 76.032323232323236, 11.874747474747474 ], [ 76.087878787878779, 11.874747474747474 ], [ 76.23434343434343, 11.874747474747474 ], [ 76.279797979797976, 11.874747474747474 ], [ 76.042424242424246, 11.87979797979798 ], [ 76.077777777777769, 11.87979797979798 ], [ 76.24444444444444, 11.87979797979798 ], [ 76.274747474747471, 11.87979797979798 ] ] } },
{ "type": "Feature", "properties": { "elevation_m": 100.0 }, "geometry": { "type": "LineString", "coordinates": [ [ 75.830303030303028, 11.4 ], [ 75.971717171717174, 11.4 ], [ 75.981818181818184, 11.4 ], [ 76.133333333333326, 11.4 ], [ 76.188888888888883, 11.4 ], [ 75.820202020202018, 11.405050505050506 ], [ 76.138383838383831, 11.405050505050506 ], [ 76.183838383838378, 11.405050505050506 ], [ 75.810101010101008, 11.410101010101011 ], [ 76.143434343434336, 11.410101010101011 ], [ 76.173737373737367, 11.410101010101011 ], [ 76.052525252525243, 11.470707070707071 ], [ 76.092929292929284, 11.470707070707071 ], [ 75.87070707070707, 11.475757575757576 ], [ 75.901010101010101, 11.475757575757576 ], [ 76.042424242424246, 11.475757575757576 ], [ 76.103030303030295, 11.475757575757576 ], [ 75.865656565656565, 11.480808080808082 ], [ 75.906060606060606, 11.480808080808082 ], [ 76.037373737373741, 11.480808080808082 ], [ 76.103030303030295, 11.480808080808082 ], [ 76.229292929292924, 11.480808080808082 ], [ 76.264646464646461, 11.480808080808082 ], [ 75.860606060606059, 11.485858585858587 ], [ 75.911111111111111, 11.485858585858587 ], [ 76.032323232323236, 11.485858585858587 ], [ 76.1080808080808, 11.485858585858587 ], [ 76.224242424242419, 11.485858585858587 ], [ 76.274747474747471, 11.485858585858587 ], [ 75.855555555555554, 11.490909090909092 ], [ 75.916161616161617, 11.490909090909092 ], [ 76.032323232323236, 11.490909090909092 ], [ 76.1080808080808, 11.490909090909092 ], [ 76.224242424242419, 11.490909090909092 ], [ 76.274747474747471, 11.490909090909092 ], [ 75.855555555555554, 11.495959595959595 ], [ 75.916161616161617, 11.495959595959595 ], [ 76.027272727272731, 11.495959595959595 ], [ 76.1080808080808, 11.495959595959595 ], [ 76.224242424242419, 11.495959595959595 ], [ 76.279797979797976, 11.495959595959595 ], [ 75.860606060606059, 11.501010101010101 ], [ 75.916161616161617, 11.501010101010101 ], [ 76.027272727272731, 11.501010101010101 ], [ 76.1080808080808, 11.501010101010101 ], [ 76.224242424242419, 11.501010101010101 ], [ 76.279797979797976, 11.501010101010101 ], [ 75.865656565656565, 11.506060606060606 ], [ 75.911111111111111, 11.506060606060606 ], [ 76.027272727272731, 11.506060606060606 ], [ 76.1080808080808, 11.506060606060606 ], [ 76.229292929292924, 11.506060606060606 ], [ 76.274747474747471, 11.506060606060606 ], [ 75.88080808080808, 11.511111111111111 ], [ 75.895959595959596, 11.511111111111111 ], [ 76.032323232323236, 11.511111111111111 ], [ 76.103030303030295, 11.511111111111111 ], [ 76.239393939393935, 11.511111111111111 ], [ 76.264646464646461, 11.511111111111111 ], [ 76.037373737373741, 11.516161616161616 ], [ 76.092929292929284, 11.516161616161616 ], [ 76.057575757575748, 11.521212121212121 ], [ 76.072727272727263, 11.521212121212121 ], [ 75.966666666666669, 11.581818181818182 ], [ 75.991919191919195, 11.581818181818182 ], [ 75.961616161616163, 11.586868686868687 ], [ 75.9969696969697, 11.586868686868687 ], [ 75.956565656565658, 11.591919191919192 ], [ 76.002020202020205, 11.591919191919192 ], [ 75.951515151515153, 11.596969696969698 ], [ 76.002020202020205, 11.596969696969698 ], [ 75.951515151515153, 11.602020202020203 ], [ 76.002020202020205, 11.602020202020203 ], [ 75.946464646464648, 11.607070707070708 ], [ 76.00707070707071, 11.607070707070708 ], [ 75.946464646464648, 11.612121212121213 ], [ 76.002020202020205, 11.612121212121213 ], [ 75.946464646464648, 11.617171717171718 ], [ 75.9969696969697, 11.617171717171718 ], [ 76.23434343434343, 11.627272727272727 ], [ 76.269696969696966, 11.627272727272727 ], [ 75.88080808080808, 11.632323232323232 ], [ 75.921212121212122, 11.632323232323232 ], [ 76.219191919191914, 11.632323232323232 ], [ 76.279797979797976, 11.632323232323232 ], [ 75.87070707070707, 11.637373737373737 ], [ 75.921212121212122, 11.637373737373737 ], [ 76.219191919191914, 11.637373737373737 ], [ 76.279797979797976, 11.637373737373737 ], [ 75.87070707070707, 11.642424242424243 ], [ 75.921212121212122, 11.642424242424243 ], [ 76.219191919191914, 11.642424242424243 ], [ 76.274747474747471, 11.642424242424243 ], [ 75.87070707070707, 11.647474747474748 ], [ 75.916161616161617, 11.647474747474748 ], [ 76.219191919191914, 11.647474747474748 ], [ 76.274747474747471, 11.647474747474748 ], [ 75.87070707070707, 11.652525252525253 ], [ 75.916161616161617, 11.652525252525253 ], [ 76.224242424242419, 11.652525252525253 ], [ 76.269696969696966, 11.652525252525253 ], [ 75.87070707070707, 11.657575757575758 ], [ 75.911111111111111, 11.657575757575758 ], [ 76.229292929292924, 11.657575757575758 ], [ 76.264646464646461, 11.657575757575758 ], [ 75.875757575757575, 11.662626262626263 ], [ 75.906060606060606, 11.662626262626263 ], [ 76.23434343434343, 11.662626262626263 ], [ 76.259595959595956, 11.662626262626263 ], [ 75.88080808080808, 11.667676767676769 ], [ 75.901010101010101, 11.667676767676769 ], [ 76.24444444444444, 11.667676767676769 ], [ 76.249494949494945, 11.667676767676769 ], [ 75.820202020202018, 11.728282828282829 ], [ 76.138383838383831, 11.728282828282829 ], [ 76.178787878787873, 11.728282828282829 ], [ 75.835353535353534, 11.733333333333334 ], [ 76.128282828282821, 11.733333333333334 ], [ 76.188888888888883, 11.733333333333334 ], [ 75.840404040404039, 11.738383838383839 ], [ 75.961616161616163, 11.738383838383839 ], [ 75.991919191919195, 11.738383838383839 ], [ 76.11818181818181, 11.738383838383839 ], [ 76.193939393939388, 11.738383838383839 ], [ 75.840404040404039, 11.743434343434345 ], [ 75.956565656565658, 11.743434343434345 ], [ 76.002020202020205, 11.743434343434345 ], [ 76.11818181818181, 11.743434343434345 ], [ 76.193939393939388, 11.743434343434345 ], [ 75.840404040404039, 11.748484848484848 ], [ 75.951515151515153, 11.748484848484848 ], [ 76.00707070707071, 11.748484848484848 ], [ 76.11818181818181, 11.748484848484848 ], [ 76.193939393939388, 11.748484848484848 ], [ 75.840404040404039, 11.753535353535353 ], [ 75.951515151515153, 11.753535353535353 ], [ 76.00707070707071, 11.753535353535353 ], [ 76.11818181818181, 11.753535353535353 ], [ 76.193939393939388, 11.753535353535353 ], [ 75.840404040404039, 11.758585858585858 ], [ 75.956565656565658, 11.758585858585858 ], [ 76.00707070707071, 11.758585858585858 ], [ 76.11818181818181, 11.758585858585858 ], [ 76.193939393939388, 11.758585858585858 ], [ 75.835353535353534, 11.763636363636364 ], [ 75.956565656565658, 11.763636363636364 ], [ 76.002020202020205, 11.763636363636364 ], [ 76.11818181818181, 11.763636363636364 ], [ 76.188888888888883, 11.763636363636364 ], [ 75.835353535353534, 11.768686868686869 ], [ 75.966666666666669, 11.768686868686869 ], [ 75.9969696969697, 11.768686868686869 ], [ 76.123232323232315, 11.768686868686869 ], [ 76.183838383838378, 11.768686868686869 ], [ 75.825252525252523, 11.773737373737374 ], [ 76.128282828282821, 11.773737373737374 ], [ 76.178787878787873, 11.773737373737374 ], [ 75.820202020202018, 11.778787878787879 ], [ 76.143434343434336, 11.778787878787879 ], [ 76.163636363636357, 11.778787878787879 ], [ 76.047474747474752, 11.83939393939394 ], [ 76.082828282828274, 11.83939393939394 ], [ 76.042424242424246, 11.844444444444445 ], [ 76.087878787878779, 11.844444444444445 ], [ 75.885858585858585, 11.84949494949495 ], [ 75.895959595959596, 11.84949494949495 ], [ 76.037373737373741, 11.84949494949495 ], [ 76.092929292929284, 11.84949494949495 ], [ 76.23434343434343, 11.84949494949495 ], [ 76.269696969696966, 11.84949494949495 ], [ 75.875757575757575, 11.854545454545455 ], [ 75.906060606060606, 11.854545454545455 ], [ 76.032323232323236, 11.854545454545455 ], [ 76.097979797979789, 11.854545454545455 ], [ 76.229292929292924, 11.854545454545455 ], [ 76.274747474747471, 11.854545454545455 ], [ 75.87070707070707, 11.859595959595961 ], [ 75.911111111111111, 11.859595959595961 ], [ 76.032323232323236, 11.859595959595961 ], [ 76.097979797979789, 11.859595959595961 ], [ 76.224242424242419, 11.859595959595961 ], [ 76.279797979797976, 11.859595959595961 ], [ 75.87070707070707, 11.864646464646466 ], [ 75.916161616161617, 11.864646464646466 ], [ 76.027272727272731, 11.864646464646466 ], [ 76.097979797979789, 11.864646464646466 ], [ 76.224242424242419, 11.864646464646466 ], [ 76.284848484848482, 11.864646464646466 ], [ 75.87070707070707, 11.869696969696971 ], [ 75.916161616161617, 11.869696969696971 ], [ 76.027272727272731, 11.869696969696971 ], [ 76.097979797979789, 11.869696969696971 ], [ 76.224242424242419, 11.869696969696971 ], [ 76.284848484848482, 11.869696969696971 ], [ 75.88080808080808, 11.874747474747474 ], [ 75.911111111111111, 11.874747474747474 ], [ 76.027272727272731, 11.874747474747474 ], [ 76.092929292929284, 11.874747474747474 ], [ 76.224242424242419, 11.874747474747474 ], [ 76.284848484848482, 11.874747474747474 ], [ 76.032323232323236, 11.87979797979798 ], [ 76.087878787878779, 11.87979797979798 ], [ 76.23434343434343, 11.87979797979798 ], [ 76.284848484848482, 11.87979797979798 ] ] } },
{ "type": "Feature", "properties": { "elevation_m": 150.0 }, "geometry": { "type": "LineString", "coordinates": [ [ 75.830303030303028, 11.4 ], [ 75.961616161616163, 11.4 ], [ 75.991919191919195, 11.4 ], [ 76.128282828282821, 11.4 ], [ 76.188888888888883, 11.4 ], [ 75.825252525252523, 11.405050505050506 ], [ 76.133333333333326, 11.405050505050506 ], [ 76.183838383838378, 11.405050505050506 ], [ 75.820202020202018, 11.410101010101011 ], [ 76.138383838383831, 11.410101010101011 ], [ 76.178787878787873, 11.410101010101011 ], [ 76.148484848484841, 11.415151515151516 ], [ 76.168686868686862, 11.415151515151516 ], [ 76.057575757575748, 11.465656565656566 ], [ 76.087878787878779, 11.465656565656566 ], [ 75.88080808080808, 11.470707070707071 ], [ 75.885858585858585, 11.470707070707071 ], [ 76.047474747474752, 11.470707070707071 ], [ 76.097979797979789, 11.470707070707071 ], [ 75.865656565656565, 11.475757575757576 ], [ 75.906060606060606, 11.475757575757576 ], [ 76.037373737373741, 11.475757575757576 ], [ 76.103030303030295, 11.475757575757576 ], [ 76.23434343434343, 11.475757575757576 ], [ 76.259595959595956, 11.475757575757576 ], [ 75.860606060606059, 11.480808080808082 ], [ 75.911111111111111, 11.480808080808082 ], [ 76.032323232323236, 11.480808080808082 ], [ 76.1080808080808, 11.480808080808082 ], [ 76.224242424242419, 11.480808080808082 ], [ 76.269696969696966, 11.480808080808082 ], [ 75.855555555555554, 11.485858585858587 ], [ 75.916161616161617, 11.485858585858587 ], [ 76.027272727272731, 11.485858585858587 ], [ 76.113131313131305, 11.485858585858587 ], [ 76.219191919191914, 11.485858585858587 ], [ 76.279797979797976, 11.485858585858587 ], [ 75.855555555555554, 11.490909090909092 ], [ 75.916161616161617, 11.490909090909092 ], [ 76.027272727272731, 11.490909090909092 ], [ 76.113131313131305, 11.490909090909092 ], [ 76.219191919191914, 11.490909090909092 ], [ 76.279797979797976, 11.490909090909092 ], [ 75.855555555555554, 11.495959595959595 ], [ 75.921212121212122, 11.495959595959595 ], [ 76.027272727272731, 11.495959595959595 ], [ 76.113131313131305, 11.495959595959595 ], [ 76.219191919191914, 11.495959595959595 ], [ 76.284848484848482, 11.495959595959595 ], [ 75.855555555555554, 11.501010101010101 ], [ 75.916161616161617, 11.501010101010101 ], [ 76.027272727272731, 11.501010101010101 ], [ 76.113131313131305, 11.501010101010101 ], [ 76.219191919191914, 11.501010101010101 ], [ 76.284848484848482, 11.501010101010101 ], [ 75.860606060606059, 11.506060606060606 ], [ 75.916161616161617, 11.506060606060606 ], [ 76.027272727272731, 11.506060606060606 ], [ 76.1080808080808, 11.506060606060606 ], [ 76.224242424242419, 11.506060606060606 ], [ 76.279797979797976, 11.506060606060606 ], [ 75.87070707070707, 11.511111111111111 ], [ 75.906060606060606, 11.511111111111111 ], [ 76.027272727272731, 11.511111111111111 ], [ 76.1080808080808, 11.511111111111111 ], [ 76.229292929292924, 11.511111111111111 ], [ 76.274747474747471, 11.511111111111111 ], [ 76.032323232323236, 11.516161616161616 ], [ 76.097979797979789, 11.516161616161616 ], [ 76.042424242424246, 11.521212121212121 ], [ 76.087878787878779, 11.521212121212121 ], [ 75.966666666666669, 11.576767676767677 ], [ 75.991919191919195, 11.576767676767677 ], [ 75.961616161616163, 11.581818181818182 ], [ 75.9969696969697, 11.581818181818182 ], [ 75.956565656565658, 11.586868686868687 ], [ 76.002020202020205, 11.586868686868687 ], [ 75.951515151515153, 11.591919191919192 ], [ 76.00707070707071, 11.591919191919192 ], [ 75.951515151515153, 11.596969696969698 ], [ 76.00707070707071, 11.596969696969698 ], [ 75.946464646464648, 11.602020202020203 ], [ 76.00707070707071, 11.602020202020203 ], [ 75.941414141414143, 11.607070707070708 ], [ 76.012121212121215, 11.607070707070708 ], [ 75.941414141414143, 11.612121212121213 ], [ 76.012121212121215, 11.612121212121213 ], [ 75.936363636363637, 11.617171717171718 ], [ 76.00707070707071, 11.617171717171718 ], [ 75.926262626262627, 11.622222222222222 ], [ 75.991919191919195, 11.622222222222222 ], [ 75.885858585858585, 11.627272727272727 ], [ 75.941414141414143, 11.627272727272727 ], [ 76.214141414141409, 11.627272727272727 ], [ 76.289898989898987, 11.627272727272727 ], [ 75.87070707070707, 11.632323232323232 ], [ 75.931313131313132, 11.632323232323232 ], [ 76.214141414141409, 11.632323232323232 ], [ 76.284848484848482, 11.632323232323232 ], [ 75.865656565656565, 11.637373737373737 ], [ 75.931313131313132, 11.637373737373737 ], [ 76.214141414141409, 11.637373737373737 ], [ 76.284848484848482, 11.637373737373737 ], [ 75.865656565656565, 11.642424242424243 ], [ 75.926262626262627, 11.642424242424243 ], [ 76.214141414141409, 11.642424242424243 ], [ 76.279797979797976, 11.642424242424243 ], [ 75.865656565656565, 11.647474747474748 ], [ 75.921212121212122, 11.647474747474748 ], [ 76.214141414141409, 11.647474747474748 ], [ 76.279797979797976, 11.647474747474748 ], [ 75.865656565656565, 11.652525252525253 ], [ 75.921212121212122, 11.652525252525253 ], [ 76.219191919191914, 11.652525252525253 ], [ 76.274747474747471, 11.652525252525253 ], [ 75.865656565656565, 11.657575757575758 ], [ 75.916161616161617, 11.657575757575758 ], [ 76.224242424242419, 11.657575757575758 ], [ 76.269696969696966, 11.657575757575758 ], [ 75.87070707070707, 11.662626262626263 ], [ 75.911111111111111, 11.662626262626263 ], [ 76.229292929292924, 11.662626262626263 ], [ 76.264646464646461, 11.662626262626263 ], [ 75.875757575757575, 11.667676767676769 ], [ 75.906060606060606, 11.667676767676769 ], [ 76.23434343434343, 11.667676767676769 ], [ 76.259595959595956, 11.667676767676769 ], [ 75.88080808080808, 11.672727272727274 ], [ 75.901010101010101, 11.672727272727274 ], [ 75.830303030303028, 11.728282828282829 ], [ 76.128282828282821, 11.728282828282829 ], [ 76.183838383838378, 11.728282828282829 ], [ 75.840404040404039, 11.733333333333334 ], [ 76.123232323232315, 11.733333333333334 ], [ 76.193939393939388, 11.733333333333334 ], [ 75.840404040404039, 11.738383838383839 ], [ 75.956565656565658, 11.738383838383839 ], [ 76.002020202020205, 11.738383838383839 ], [ 76.11818181818181, 11.738383838383839 ], [ 76.198989898989893, 11.738383838383839 ], [ 75.845454545454544, 11.743434343434345 ], [ 75.951515151515153, 11.743434343434345 ], [ 76.00707070707071, 11.743434343434345 ], [ 76.113131313131305, 11.743434343434345 ], [ 76.198989898989893, 11.743434343434345 ], [ 75.845454545454544, 11.748484848484848 ], [ 75.946464646464648, 11.748484848484848 ], [ 76.012121212121215, 11.748484848484848 ], [ 76.113131313131305, 11.748484848484848 ], [ 76.198989898989893, 11.748484848484848 ], [ 75.845454545454544, 11.753535353535353 ], [ 75.946464646464648, 11.753535353535353 ], [ 76.012121212121215, 11.753535353535353 ], [ 76.113131313131305, 11.753535353535353 ], [ 76.198989898989893, 11.753535353535353 ], [ 75.840404040404039, 11.758585858585858 ], [ 75.951515151515153, 11.758585858585858 ], [ 76.012121212121215, 11.758585858585858 ], [ 76.113131313131305, 11.758585858585858 ], [ 76.198989898989893, 11.758585858585858 ], [ 75.840404040404039, 11.763636363636364 ], [ 75.951515151515153, 11.763636363636364 ], [ 76.00707070707071, 11.763636363636364 ], [ 76.11818181818181, 11.763636363636364 ], [ 76.193939393939388, 11.763636363636364 ], [ 75.835353535353534, 11.768686868686869 ], [ 75.961616161616163, 11.768686868686869 ], [ 76.002020202020205, 11.768686868686869 ], [ 76.11818181818181, 11.768686868686869 ], [ 76.188888888888883, 11.768686868686869 ], [ 75.830303030303028, 11.773737373737374 ], [ 75.971717171717174, 11.773737373737374 ], [ 75.991919191919195, 11.773737373737374 ], [ 76.123232323232315, 11.773737373737374 ], [ 76.183838383838378, 11.773737373737374 ], [ 75.825252525252523, 11.778787878787879 ], [ 76.133333333333326, 11.778787878787879 ], [ 76.173737373737367, 11.778787878787879 ], [ 75.805050505050502, 11.783838383838384 ], [ 76.052525252525243, 11.834343434343435 ], [ 76.077777777777769, 11.834343434343435 ], [ 76.042424242424246, 11.83939393939394 ], [ 76.087878787878779, 11.83939393939394 ], [ 76.037373737373741, 11.844444444444445 ], [ 76.092929292929284, 11.844444444444445 ], [ 76.239393939393935, 11.844444444444445 ], [ 76.264646464646461, 11.844444444444445 ], [ 75.875757575757575, 11.84949494949495 ], [ 75.906060606060606, 11.84949494949495 ], [ 76.032323232323236, 11.84949494949495 ], [ 76.097979797979789, 11.84949494949495 ], [ 76.229292929292924, 11.84949494949495 ], [ 76.274747474747471, 11.84949494949495 ], [ 75.87070707070707, 11.854545454545455 ], [ 75.911111111111111, 11.854545454545455 ], [ 76.032323232323236, 11.854545454545455 ], [ 76.097979797979789, 11.854545454545455 ], [ 76.224242424242419, 11.854545454545455 ], [ 76.279797979797976, 11.854545454545455 ], [ 75.865656565656565, 11.859595959595961 ], [ 75.916161616161617, 11.859595959595961 ], [ 76.027272727272731, 11.859595959595961 ], [ 76.103030303030295, 11.859595959595961 ], [ 76.224242424242419, 11.859595959595961 ], [ 76.284848484848482, 11.859595959595961 ], [ 75.865656565656565, 11.864646464646466 ], [ 75.921212121212122, 11.864646464646466 ], [ 76.027272727272731, 11.864646464646466 ], [ 76.103030303030295, 11.864646464646466 ], [ 76.219191919191914, 11.864646464646466 ], [ 76.289898989898987, 11.864646464646466 ], [ 75.865656565656565, 11.869696969696971 ], [ 75.921212121212122, 11.869696969696971 ], [ 76.022222222222226, 11.869696969696971 ], [ 76.103030303030295, 11.869696969696971 ], [ 76.219191919191914, 11.869696969696971 ], [ 76.289898989898987, 11.869696969696971 ], [ 75.87070707070707, 11.874747474747474 ], [ 75.921212121212122, 11.874747474747474 ], [ 76.022222222222226, 11.874747474747474 ], [ 76.097979797979789, 11.874747474747474 ], [ 76.219191919191914, 11.874747474747474 ], [ 76.294949494949492, 11.874747474747474 ], [ 75.88080808080808, 11.87979797979798 ], [ 75.916161616161617, 11.87979797979798 ], [ 76.022222222222226, 11.87979797979798 ], [ 76.092929292929284, 11.87979797979798 ], [ 76.224242424242419, 11.87979797979798 ], [ 76.294949494949492, 11.87979797979798 ], [ 76.032323232323236, 11.884848484848485 ], [ 76.077777777777769, 11.884848484848485 ], [ 76.239393939393935, 11.884848484848485 ], [ 76.289898989898987, 11.884848484848485 ] ] } },
{ "type": "Feature", "properties": { "elevation_m": 200.0 }, "geometry": { "type": "LineString", "coordinates": [ [ 75.835353535353534, 11.4 ], [ 75.956565656565658, 11.4 ], [ 75.9969696969697, 11.4 ], [ 76.123232323232315, 11.4 ], [ 76.193939393939388, 11.4 ], [ 75.830303030303028, 11.405050505050506 ], [ 75.966666666666669, 11.405050505050506 ], [ 75.986868686868689, 11.405050505050506 ], [ 76.128282828282821, 11.405050505050506 ], [ 76.188888888888883, 11.405050505050506 ], [ 75.825252525252523, 11.410101010101011 ], [ 76.133333333333326, 11.410101010101011 ], [ 76.183838383838378, 11.410101010101011 ], [ 75.815151515151513, 11.415151515151516 ], [ 76.143434343434336, 11.415151515151516 ], [ 76.173737373737367, 11.415151515151516 ], [ 76.052525252525243, 11.465656565656566 ], [ 76.092929292929284, 11.465656565656566 ], [ 75.865656565656565, 11.470707070707071 ], [ 75.901010101010101, 11.470707070707071 ], [ 76.042424242424246, 11.470707070707071 ], [ 76.103030303030295, 11.470707070707071 ], [ 75.860606060606059, 11.475757575757576 ], [ 75.911111111111111, 11.475757575757576 ], [ 76.032323232323236, 11.475757575757576 ], [ 76.1080808080808, 11.475757575757576 ], [ 76.229292929292924, 11.475757575757576 ], [ 76.269696969696966, 11.475757575757576 ], [ 75.855555555555554, 11.480808080808082 ], [ 75.916161616161617, 11.480808080808082 ], [ 76.032323232323236, 11.480808080808082 ], [ 76.113131313131305, 11.480808080808082 ], [ 76.219191919191914, 11.480808080808082 ], [ 76.274747474747471, 11.480808080808082 ], [ 75.850505050505049, 11.485858585858587 ], [ 75.921212121212122, 11.485858585858587 ], [ 76.027272727272731, 11.485858585858587 ], [ 76.113131313131305, 11.485858585858587 ], [ 76.219191919191914, 11.485858585858587 ], [ 76.279797979797976, 11.485858585858587 ], [ 75.850505050505049, 11.490909090909092 ], [ 75.921212121212122, 11.490909090909092 ], [ 76.022222222222226, 11.490909090909092 ], [ 76.113131313131305, 11.490909090909092 ], [ 76.214141414141409, 11.490909090909092 ], [ 76.284848484848482, 11.490909090909092 ], [ 75.850505050505049, 11.495959595959595 ], [ 75.921212121212122, 11.495959595959595 ], [ 76.022222222222226, 11.495959595959595 ], [ 76.113131313131305, 11.495959595959595 ], [ 76.214141414141409, 11.495959595959595 ], [ 76.284848484848482, 11.495959595959595 ], [ 75.850505050505049, 11.501010101010101 ], [ 75.921212121212122, 11.501010101010101 ], [ 76.022222222222226, 11.501010101010101 ], [ 76.113131313131305, 11.501010101010101 ], [ 76.214141414141409, 11.501010101010101 ], [ 76.284848484848482, 11.501010101010101 ], [ 75.855555555555554, 11.506060606060606 ], [ 75.921212121212122, 11.506060606060606 ], [ 76.022222222222226, 11.506060606060606 ], [ 76.113131313131305, 11.506060606060606 ], [ 76.219191919191914, 11.506060606060606 ], [ 76.284848484848482, 11.506060606060606 ], [ 75.860606060606059, 11.511111111111111 ], [ 75.911111111111111, 11.511111111111111 ], [ 76.022222222222226, 11.511111111111111 ], [ 76.1080808080808, 11.511111111111111 ], [ 76.224242424242419, 11.511111111111111 ], [ 76.279797979797976, 11.511111111111111 ], [ 75.885858585858585, 11.516161616161616 ], [ 75.890909090909091, 11.516161616161616 ], [ 76.027272727272731, 11.516161616161616 ], [ 76.103030303030295, 11.516161616161616 ], [ 76.239393939393935, 11.516161616161616 ], [ 76.269696969696966, 11.516161616161616 ], [ 76.037373737373741, 11.521212121212121 ], [ 76.092929292929284, 11.521212121212121 ], [ 75.971717171717174, 11.571717171717172 ], [ 75.991919191919195, 11.571717171717172 ], [ 75.961616161616163, 11.576767676767677 ], [ 75.9969696969697, 11.576767676767677 ], [ 75.956565656565658, 11.581818181818182 ], [ 76.002020202020205, 11.581818181818182 ], [ 75.951515151515153, 11.586868686868687 ], [ 76.00707070707071, 11.586868686868687 ], [ 75.951515151515153, 11.591919191919192 ], [ 76.00707070707071, 11.591919191919192 ], [ 75.805050505050502, 11.596969696969698 ], [ 75.946464646464648, 11.596969696969698 ], [ 76.012121212121215, 11.596969696969698 ], [ 76.153535353535347, 11.596969696969698 ], [ 76.173737373737367, 11.596969696969698 ], [ 75.805050505050502, 11.602020202020203 ], [ 75.941414141414143, 11.602020202020203 ], [ 76.012121212121215, 11.602020202020203 ], [ 76.148484848484841, 11.602020202020203 ], [ 76.178787878787873, 11.602020202020203 ], [ 75.936363636363637, 11.607070707070708 ], [ 76.017171717171721, 11.607070707070708 ], [ 76.148484848484841, 11.607070707070708 ], [ 76.183838383838378, 11.607070707070708 ], [ 76.294949494949492, 11.607070707070708 ], [ 75.931313131313132, 11.612121212121213 ], [ 76.017171717171721, 11.612121212121213 ], [ 76.153535353535347, 11.612121212121213 ], [ 76.183838383838378, 11.612121212121213 ], [ 76.289898989898987, 11.612121212121213 ], [ 75.926262626262627, 11.617171717171718 ], [ 76.017171717171721, 11.617171717171718 ], [ 76.279797979797976, 11.617171717171718 ], [ 75.901010101010101, 11.622222222222222 ], [ 76.00707070707071, 11.622222222222222 ], [ 76.204040404040398, 11.622222222222222 ], [ 75.87070707070707, 11.627272727272727 ], [ 75.966666666666669, 11.627272727272727 ], [ 76.204040404040398, 11.627272727272727 ], [ 75.860606060606059, 11.632323232323232 ], [ 75.946464646464648, 11.632323232323232 ], [ 76.204040404040398, 11.632323232323232 ], [ 76.294949494949492, 11.632323232323232 ], [ 75.855555555555554, 11.637373737373737 ], [ 75.936363636363637, 11.637373737373737 ], [ 76.204040404040398, 11.637373737373737 ], [ 76.289898989898987, 11.637373737373737 ], [ 75.860606060606059, 11.642424242424243 ], [ 75.931313131313132, 11.642424242424243 ], [ 76.057575757575748, 11.642424242424243 ], [ 76.072727272727263, 11.642424242424243 ], [ 76.209090909090904, 11.642424242424243 ], [ 76.284848484848482, 11.642424242424243 ], [ 75.860606060606059, 11.647474747474748 ], [ 75.926262626262627, 11.647474747474748 ], [ 76.062626262626253, 11.647474747474748 ], [ 76.072727272727263, 11.647474747474748 ], [ 76.214141414141409, 11.647474747474748 ], [ 76.279797979797976, 11.647474747474748 ], [ 75.860606060606059, 11.652525252525253 ], [ 75.921212121212122, 11.652525252525253 ], [ 76.214141414141409, 11.652525252525253 ], [ 76.279797979797976, 11.652525252525253 ], [ 75.865656565656565, 11.657575757575758 ], [ 75.921212121212122, 11.657575757575758 ], [ 76.219191919191914, 11.657575757575758 ], [ 76.274747474747471, 11.657575757575758 ], [ 75.865656565656565, 11.662626262626263 ], [ 75.916161616161617, 11.662626262626263 ], [ 76.224242424242419, 11.662626262626263 ], [ 76.269696969696966, 11.662626262626263 ], [ 75.87070707070707, 11.667676767676769 ], [ 75.911111111111111, 11.667676767676769 ], [ 76.229292929292924, 11.667676767676769 ], [ 76.264646464646461, 11.667676767676769 ], [ 75.875757575757575, 11.672727272727274 ], [ 75.906060606060606, 11.672727272727274 ], [ 76.23434343434343, 11.672727272727274 ], [ 76.259595959595956, 11.672727272727274 ], [ 75.88080808080808, 11.677777777777779 ], [ 75.895959595959596, 11.677777777777779 ], [ 76.143434343434336, 11.723232323232324 ], [ 76.173737373737367, 11.723232323232324 ], [ 75.835353535353534, 11.728282828282829 ], [ 76.123232323232315, 11.728282828282829 ], [ 76.193939393939388, 11.728282828282829 ], [ 75.845454545454544, 11.733333333333334 ], [ 75.961616161616163, 11.733333333333334 ], [ 75.991919191919195, 11.733333333333334 ], [ 76.11818181818181, 11.733333333333334 ], [ 76.198989898989893, 11.733333333333334 ], [ 75.845454545454544, 11.738383838383839 ], [ 75.951515151515153, 11.738383838383839 ], [ 76.00707070707071, 11.738383838383839 ], [ 76.113131313131305, 11.738383838383839 ], [ 76.198989898989893, 11.738383838383839 ], [ 75.845454545454544, 11.743434343434345 ], [ 75.946464646464648, 11.743434343434345 ], [ 76.012121212121215, 11.743434343434345 ], [ 76.113131313131305, 11.743434343434345 ], [ 76.204040404040398, 11.743434343434345 ], [ 75.850505050505049, 11.748484848484848 ], [ 75.946464646464648, 11.748484848484848 ], [ 76.012121212121215, 11.748484848484848 ], [ 76.1080808080808, 11.748484848484848 ], [ 76.204040404040398, 11.748484848484848 ], [ 75.845454545454544, 11.753535353535353 ], [ 75.946464646464648, 11.753535353535353 ], [ 76.017171717171721, 11.753535353535353 ], [ 76.1080808080808, 11.753535353535353 ], [ 76.198989898989893, 11.753535353535353 ], [ 75.845454545454544, 11.758585858585858 ], [ 75.946464646464648, 11.758585858585858 ], [ 76.012121212121215, 11.758585858585858 ], [ 76.113131313131305, 11.758585858585858 ], [ 76.198989898989893, 11.758585858585858 ], [ 75.845454545454544, 11.763636363636364 ], [ 75.951515151515153, 11.763636363636364 ], [ 76.012121212121215, 11.763636363636364 ], [ 76.113131313131305, 11.763636363636364 ], [ 76.198989898989893, 11.763636363636364 ], [ 75.840404040404039, 11.768686868686869 ], [ 75.956565656565658, 11.768686868686869 ], [ 76.00707070707071, 11.768686868686869 ], [ 76.11818181818181, 11.768686868686869 ], [ 76.193939393939388, 11.768686868686869 ], [ 75.835353535353534, 11.773737373737374 ], [ 75.961616161616163, 11.773737373737374 ], [ 76.002020202020205, 11.773737373737374 ], [ 76.123232323232315, 11.773737373737374 ], [ 76.188888888888883, 11.773737373737374 ], [ 75.830303030303028, 11.778787878787879 ], [ 76.128282828282821, 11.778787878787879 ], [ 76.178787878787873, 11.778787878787879 ], [ 75.815151515151513, 11.783838383838384 ], [ 76.148484848484841, 11.783838383838384 ], [ 76.153535353535347, 11.783838383838384 ], [ 76.062626262626253, 11.829292929292929 ], [ 76.072727272727263, 11.829292929292929 ], [ 76.047474747474752, 11.834343434343435 ], [ 76.087878787878779, 11.834343434343435 ], [ 76.042424242424246, 11.83939393939394 ], [ 76.092929292929284, 11.83939393939394 ], [ 76.249494949494945, 11.83939393939394 ], [ 76.259595959595956, 11.83939393939394 ], [ 75.875757575757575, 11.844444444444445 ], [ 75.901010101010101, 11.844444444444445 ], [ 76.037373737373741, 11.844444444444445 ], [ 76.097979797979789, 11.844444444444445 ], [ 76.23434343434343, 11.844444444444445 ], [ 76.274747474747471, 11.844444444444445 ], [ 75.87070707070707, 11.84949494949495 ], [ 75.911111111111111, 11.84949494949495 ], [ 76.032323232323236, 11.84949494949495 ], [ 76.103030303030295, 11.84949494949495 ], [ 76.224242424242419, 11.84949494949495 ], [ 76.279797979797976, 11.84949494949495 ], [ 75.865656565656565, 11.854545454545455 ], [ 75.916161616161617, 11.854545454545455 ], [ 76.027272727272731, 11.854545454545455 ], [ 76.103030303030295, 11.854545454545455 ], [ 76.224242424242419, 11.854545454545455 ], [ 76.284848484848482, 11.854545454545455 ], [ 75.860606060606059, 11.859595959595961 ], [ 75.921212121212122, 11.859595959595961 ], [ 76.022222222222226, 11.859595959595961 ], [ 76.103030303030295, 11.859595959595961 ], [ 76.219191919191914, 11.859595959595961 ], [ 76.289898989898987, 11.859595959595961 ], [ 75.860606060606059, 11.864646464646466 ], [ 75.926262626262627, 11.864646464646466 ], [ 76.022222222222226, 11.864646464646466 ], [ 76.1080808080808, 11.864646464646466 ], [ 76.214141414141409, 11.864646464646466 ], [ 76.294949494949492, 11.864646464646466 ], [ 75.860606060606059, 11.869696969696971 ], [ 75.926262626262627, 11.869696969696971 ], [ 76.017171717171721, 11.869696969696971 ], [ 76.1080808080808, 11.869696969696971 ], [ 76.214141414141409, 11.869696969696971 ], [ 76.294949494949492, 11.869696969696971 ], [ 75.865656565656565, 11.874747474747474 ], [ 75.926262626262627, 11.874747474747474 ], [ 76.017171717171721, 11.874747474747474 ], [ 76.103030303030295, 11.874747474747474 ], [ 76.214141414141409, 11.874747474747474 ], [ 75.87070707070707, 11.87979797979798 ], [ 75.926262626262627, 11.87979797979798 ], [ 76.017171717171721, 11.87979797979798 ], [ 76.097979797979789, 11.87979797979798 ], [ 76.219191919191914, 11.87979797979798 ], [ 76.017171717171721, 11.884848484848485 ], [ 76.087878787878779, 11.884848484848485 ], [ 76.229292929292924, 11.884848484848485 ], [ 76.259595959595956, 11.88989898989899 ], [ 76.294949494949492, 11.88989898989899 ], [ 75.971717171717174, 11.9 ], [ 75.991919191919195, 11.9 ] ] } },
{ "type": "Feature", "properties": { "elevation_m": 250.0 }, "geometry": { "type": "LineString", "coordinates": [ [ 75.840404040404039, 11.4 ], [ 75.951515151515153, 11.4 ], [ 76.002020202020205, 11.4 ], [ 76.123232323232315, 11.4 ], [ 76.198989898989893, 11.4 ], [ 75.835353535353534, 11.405050505050506 ], [ 75.956565656565658, 11.405050505050506 ], [ 75.9969696969697, 11.405050505050506 ], [ 76.123232323232315, 11.405050505050506 ], [ 76.193939393939388, 11.405050505050506 ], [ 75.830303030303028, 11.410101010101011 ], [ 76.128282828282821, 11.410101010101011 ], [ 76.188888888888883, 11.410101010101011 ], [ 75.820202020202018, 11.415151515151516 ], [ 76.138383838383831, 11.415151515151516 ], [ 76.178787878787873, 11.415151515151516 ], [ 76.148484848484841, 11.420202020202021 ], [ 76.168686868686862, 11.420202020202021 ], [ 76.067676767676758, 11.460606060606061 ], [ 76.077777777777769, 11.460606060606061 ], [ 76.047474747474752, 11.465656565656566 ], [ 76.097979797979789, 11.465656565656566 ], [ 75.860606060606059, 11.470707070707071 ], [ 75.906060606060606, 11.470707070707071 ], [ 76.037373737373741, 11.470707070707071 ], [ 76.1080808080808, 11.470707070707071 ], [ 76.23434343434343, 11.470707070707071 ], [ 76.259595959595956, 11.470707070707071 ], [ 75.855555555555554, 11.475757575757576 ], [ 75.916161616161617, 11.475757575757576 ], [ 76.032323232323236, 11.475757575757576 ], [ 76.113131313131305, 11.475757575757576 ], [ 76.224242424242419, 11.475757575757576 ], [ 76.274747474747471, 11.475757575757576 ], [ 75.850505050505049, 11.480808080808082 ], [ 75.921212121212122, 11.480808080808082 ], [ 76.027272727272731, 11.480808080808082 ], [ 76.113131313131305, 11.480808080808082 ], [ 76.214141414141409, 11.480808080808082 ], [ 76.279797979797976, 11.480808080808082 ], [ 75.845454545454544, 11.485858585858587 ], [ 75.921212121212122, 11.485858585858587 ], [ 76.022222222222226, 11.485858585858587 ], [ 76.11818181818181, 11.485858585858587 ], [ 76.214141414141409, 11.485858585858587 ], [ 76.284848484848482, 11.485858585858587 ], [ 75.845454545454544, 11.490909090909092 ], [ 75.926262626262627, 11.490909090909092 ], [ 76.022222222222226, 11.490909090909092 ], [ 76.11818181818181, 11.490909090909092 ], [ 76.209090909090904, 11.490909090909092 ], [ 76.289898989898987, 11.490909090909092 ], [ 75.845454545454544, 11.495959595959595 ], [ 75.926262626262627, 11.495959595959595 ], [ 76.022222222222226, 11.495959595959595 ], [ 76.11818181818181, 11.495959595959595 ], [ 76.209090909090904, 11.495959595959595 ], [ 76.289898989898987, 11.495959595959595 ], [ 75.845454545454544, 11.501010101010101 ], [ 75.926262626262627, 11.501010101010101 ], [ 76.017171717171721, 11.501010101010101 ], [ 76.11818181818181, 11.501010101010101 ], [ 76.214141414141409, 11.501010101010101 ], [ 76.289898989898987, 11.501010101010101 ], [ 75.850505050505049, 11.506060606060606 ], [ 75.926262626262627, 11.506060606060606 ], [ 76.017171717171721, 11.506060606060606 ], [ 76.11818181818181, 11.506060606060606 ], [ 76.214141414141409, 11.506060606060606 ], [ 76.289898989898987, 11.506060606060606 ], [ 75.855555555555554, 11.511111111111111 ], [ 75.921212121212122, 11.511111111111111 ], [ 76.022222222222226, 11.511111111111111 ], [ 76.113131313131305, 11.511111111111111 ], [ 76.219191919191914, 11.511111111111111 ], [ 76.289898989898987, 11.511111111111111 ], [ 75.87070707070707, 11.516161616161616 ], [ 75.906060606060606, 11.516161616161616 ], [ 76.022222222222226, 11.516161616161616 ], [ 76.1080808080808, 11.516161616161616 ], [ 76.229292929292924, 11.516161616161616 ], [ 76.279797979797976, 11.516161616161616 ], [ 76.027272727272731, 11.521212121212121 ], [ 76.103030303030295, 11.521212121212121 ], [ 76.047474747474752, 11.526262626262627 ], [ 76.077777777777769, 11.526262626262627 ], [ 75.971717171717174, 11.566666666666666 ], [ 75.991919191919195, 11.566666666666666 ], [ 75.961616161616163, 11.571717171717172 ], [ 75.9969696969697, 11.571717171717172 ], [ 75.956565656565658, 11.576767676767677 ], [ 76.002020202020205, 11.576767676767677 ], [ 75.951515151515153, 11.581818181818182 ], [ 76.00707070707071, 11.581818181818182 ], [ 75.805050505050502, 11.586868686868687 ], [ 75.951515151515153, 11.586868686868687 ], [ 76.00707070707071, 11.586868686868687 ], [ 76.158585858585852, 11.586868686868687 ], [ 76.163636363636357, 11.586868686868687 ], [ 75.810101010101008, 11.591919191919192 ], [ 75.946464646464648, 11.591919191919192 ], [ 76.012121212121215, 11.591919191919192 ], [ 76.148484848484841, 11.591919191919192 ], [ 76.173737373737367, 11.591919191919192 ], [ 75.815151515151513, 11.596969696969698 ], [ 75.941414141414143, 11.596969696969698 ], [ 76.017171717171721, 11.596969696969698 ], [ 76.143434343434336, 11.596969696969698 ], [ 76.183838383838378, 11.596969696969698 ], [ 75.815151515151513, 11.602020202020203 ], [ 75.936363636363637, 11.602020202020203 ], [ 76.017171717171721, 11.602020202020203 ], [ 76.138383838383831, 11.602020202020203 ], [ 76.188888888888883, 11.602020202020203 ], [ 76.294949494949492, 11.602020202020203 ], [ 75.820202020202018, 11.607070707070708 ], [ 75.931313131313132, 11.607070707070708 ], [ 76.022222222222226, 11.607070707070708 ], [ 76.138383838383831, 11.607070707070708 ], [ 76.193939393939388, 11.607070707070708 ], [ 76.289898989898987, 11.607070707070708 ], [ 75.815151515151513, 11.612121212121213 ], [ 75.926262626262627, 11.612121212121213 ], [ 76.022222222222226, 11.612121212121213 ], [ 76.138383838383831, 11.612121212121213 ], [ 76.198989898989893, 11.612121212121213 ], [ 76.279797979797976, 11.612121212121213 ], [ 75.911111111111111, 11.617171717171718 ], [ 76.022222222222226, 11.617171717171718 ], [ 76.148484848484841, 11.617171717171718 ], [ 76.219191919191914, 11.617171717171718 ], [ 76.25454545454545, 11.617171717171718 ], [ 75.88080808080808, 11.622222222222222 ], [ 76.027272727272731, 11.622222222222222 ], [ 76.173737373737367, 11.622222222222222 ], [ 75.855555555555554, 11.627272727272727 ], [ 76.00707070707071, 11.627272727272727 ], [ 76.188888888888883, 11.627272727272727 ], [ 75.850505050505049, 11.632323232323232 ], [ 75.956565656565658, 11.632323232323232 ], [ 76.047474747474752, 11.632323232323232 ], [ 76.072727272727263, 11.632323232323232 ], [ 76.193939393939388, 11.632323232323232 ], [ 75.850505050505049, 11.637373737373737 ], [ 75.941414141414143, 11.637373737373737 ], [ 76.042424242424246, 11.637373737373737 ], [ 76.082828282828274, 11.637373737373737 ], [ 76.198989898989893, 11.637373737373737 ], [ 76.294949494949492, 11.637373737373737 ], [ 75.855555555555554, 11.642424242424243 ], [ 75.936363636363637, 11.642424242424243 ], [ 76.047474747474752, 11.642424242424243 ], [ 76.087878787878779, 11.642424242424243 ], [ 76.204040404040398, 11.642424242424243 ], [ 76.289898989898987, 11.642424242424243 ], [ 75.855555555555554, 11.647474747474748 ], [ 75.931313131313132, 11.647474747474748 ], [ 76.047474747474752, 11.647474747474748 ], [ 76.087878787878779, 11.647474747474748 ], [ 76.209090909090904, 11.647474747474748 ], [ 76.284848484848482, 11.647474747474748 ], [ 75.855555555555554, 11.652525252525253 ], [ 75.926262626262627, 11.652525252525253 ], [ 76.052525252525243, 11.652525252525253 ], [ 76.082828282828274, 11.652525252525253 ], [ 76.209090909090904, 11.652525252525253 ], [ 76.279797979797976, 11.652525252525253 ], [ 75.860606060606059, 11.657575757575758 ], [ 75.921212121212122, 11.657575757575758 ], [ 76.062626262626253, 11.657575757575758 ], [ 76.077777777777769, 11.657575757575758 ], [ 76.214141414141409, 11.657575757575758 ], [ 76.279797979797976, 11.657575757575758 ], [ 75.860606060606059, 11.662626262626263 ], [ 75.921212121212122, 11.662626262626263 ], [ 76.219191919191914, 11.662626262626263 ], [ 76.274747474747471, 11.662626262626263 ], [ 75.865656565656565, 11.667676767676769 ], [ 75.916161616161617, 11.667676767676769 ], [ 76.224242424242419, 11.667676767676769 ], [ 76.269696969696966, 11.667676767676769 ], [ 75.87070707070707, 11.672727272727274 ], [ 75.911111111111111, 11.672727272727274 ], [ 76.229292929292924, 11.672727272727274 ], [ 76.264646464646461, 11.672727272727274 ], [ 75.875757575757575, 11.677777777777779 ], [ 75.906060606060606, 11.677777777777779 ], [ 76.23434343434343, 11.677777777777779 ], [ 76.25454545454545, 11.677777777777779 ], [ 75.88080808080808, 11.682828282828282 ], [ 75.895959595959596, 11.682828282828282 ], [ 75.830303030303028, 11.723232323232324 ], [ 76.133333333333326, 11.723232323232324 ], [ 76.188888888888883, 11.723232323232324 ], [ 75.845454545454544, 11.728282828282829 ], [ 76.11818181818181, 11.728282828282829 ], [ 76.198989898989893, 11.728282828282829 ], [ 75.850505050505049, 11.733333333333334 ], [ 75.951515151515153, 11.733333333333334 ], [ 76.002020202020205, 11.733333333333334 ], [ 76.113131313131305, 11.733333333333334 ], [ 76.204040404040398, 11.733333333333334 ], [ 75.850505050505049, 11.738383838383839 ], [ 75.946464646464648, 11.738383838383839 ], [ 76.012121212121215, 11.738383838383839 ], [ 76.1080808080808, 11.738383838383839 ], [ 76.204040404040398, 11.738383838383839 ], [ 75.850505050505049, 11.743434343434345 ], [ 75.941414141414143, 11.743434343434345 ], [ 76.017171717171721, 11.743434343434345 ], [ 76.1080808080808, 11.743434343434345 ], [ 76.204040404040398, 11.743434343434345 ], [ 75.850505050505049, 11.748484848484848 ], [ 75.941414141414143, 11.748484848484848 ], [ 76.017171717171721, 11.748484848484848 ], [ 76.1080808080808, 11.748484848484848 ], [ 76.204040404040398, 11.748484848484848 ], [ 75.850505050505049, 11.753535353535353 ], [ 75.941414141414143, 11.753535353535353 ], [ 76.017171717171721, 11.753535353535353 ], [ 76.1080808080808, 11.753535353535353 ], [ 76.204040404040398, 11.753535353535353 ], [ 75.850505050505049, 11.758585858585858 ], [ 75.941414141414143, 11.758585858585858 ], [ 76.017171717171721, 11.758585858585858 ], [ 76.1080808080808, 11.758585858585858 ], [ 76.204040404040398, 11.758585858585858 ], [ 75.845454545454544, 11.763636363636364 ], [ 75.946464646464648, 11.763636363636364 ], [ 76.017171717171721, 11.763636363636364 ], [ 76.1080808080808, 11.763636363636364 ], [ 76.198989898989893, 11.763636363636364 ], [ 75.840404040404039, 11.768686868686869 ], [ 75.951515151515153, 11.768686868686869 ], [ 76.012121212121215, 11.768686868686869 ], [ 76.113131313131305, 11.768686868686869 ], [ 76.193939393939388, 11.768686868686869 ], [ 75.840404040404039, 11.773737373737374 ], [ 75.956565656565658, 11.773737373737374 ], [ 76.00707070707071, 11.773737373737374 ], [ 76.11818181818181, 11.773737373737374 ], [ 76.188888888888883, 11.773737373737374 ], [ 75.830303030303028, 11.778787878787879 ], [ 75.971717171717174, 11.778787878787879 ], [ 75.991919191919195, 11.778787878787879 ], [ 76.123232323232315, 11.778787878787879 ], [ 76.183838383838378, 11.778787878787879 ], [ 75.820202020202018, 11.783838383838384 ], [ 76.133333333333326, 11.783838383838384 ], [ 76.168686868686862, 11.783838383838384 ], [ 76.052525252525243, 11.829292929292929 ], [ 76.082828282828274, 11.829292929292929 ], [ 76.042424242424246, 11.834343434343435 ], [ 76.092929292929284, 11.834343434343435 ], [ 75.885858585858585, 11.83939393939394 ], [ 75.895959595959596, 11.83939393939394 ], [ 76.037373737373741, 11.83939393939394 ], [ 76.097979797979789, 11.83939393939394 ], [ 76.239393939393935, 11.83939393939394 ], [ 76.269696969696966, 11.83939393939394 ], [ 75.87070707070707, 11.844444444444445 ], [ 75.911111111111111, 11.844444444444445 ], [ 76.032323232323236, 11.844444444444445 ], [ 76.097979797979789, 11.844444444444445 ], [ 76.229292929292924, 11.844444444444445 ], [ 76.279797979797976, 11.844444444444445 ], [ 75.865656565656565, 11.84949494949495 ], [ 75.916161616161617, 11.84949494949495 ], [ 76.027272727272731, 11.84949494949495 ], [ 76.103030303030295, 11.84949494949495 ], [ 76.224242424242419, 11.84949494949495 ], [ 76.284848484848482, 11.84949494949495 ], [ 75.860606060606059, 11.854545454545455 ], [ 75.921212121212122, 11.854545454545455 ], [ 76.022222222222226, 11.854545454545455 ], [ 76.1080808080808, 11.854545454545455 ], [ 76.219191919191914, 11.854545454545455 ], [ 76.289898989898987, 11.854545454545455 ], [ 75.860606060606059, 11.859595959595961 ], [ 75.926262626262627, 11.859595959595961 ], [ 76.022222222222226, 11.859595959595961 ], [ 76.1080808080808, 11.859595959595961 ], [ 76.214141414141409, 11.859595959595961 ], [ 76.294949494949492, 11.859595959595961 ], [ 75.855555555555554, 11.864646464646466 ], [ 75.931313131313132, 11.864646464646466 ], [ 76.017171717171721, 11.864646464646466 ], [ 76.1080808080808, 11.864646464646466 ], [ 76.214141414141409, 11.864646464646466 ], [ 75.855555555555554, 11.869696969696971 ], [ 75.931313131313132, 11.869696969696971 ], [ 76.012121212121215, 11.869696969696971 ], [ 76.1080808080808, 11.869696969696971 ], [ 76.209090909090904, 11.869696969696971 ], [ 75.855555555555554, 11.874747474747474 ], [ 75.936363636363637, 11.874747474747474 ], [ 76.012121212121215, 11.874747474747474 ], [ 76.1080808080808, 11.874747474747474 ], [ 76.209090909090904, 11.874747474747474 ], [ 75.860606060606059, 11.87979797979798 ], [ 75.936363636363637, 11.87979797979798 ], [ 76.00707070707071, 11.87979797979798 ], [ 76.103030303030295, 11.87979797979798 ], [ 76.214141414141409, 11.87979797979798 ], [ 75.875757575757575, 11.884848484848485 ], [ 75.936363636363637, 11.884848484848485 ], [ 76.002020202020205, 11.884848484848485 ], [ 76.097979797979789, 11.884848484848485 ], [ 76.219191919191914, 11.884848484848485 ], [ 75.981818181818184, 11.88989898989899 ], [ 76.067676767676758, 11.88989898989899 ], [ 76.23434343434343, 11.88989898989899 ], [ 75.956565656565658, 11.894949494949495 ], [ 76.017171717171721, 11.894949494949495 ], [ 76.289898989898987, 11.894949494949495 ], [ 75.956565656565658, 11.9 ], [ 76.00707070707071, 11.9 ] ] } },
{ "type": "Feature", "properties": { "elevation_m": 300.0 }, "geometry": { "type": "LineString", "coordinates": [ [ 75.840404040404039, 11.4 ], [ 75.946464646464648, 11.4 ], [ 76.00707070707071, 11.4 ], [ 76.11818181818181, 11.4 ], [ 76.198989898989893, 11.4 ], [ 75.840404040404039, 11.405050505050506 ], [ 75.951515151515153, 11.405050505050506 ], [ 76.002020202020205, 11.405050505050506 ], [ 76.123232323232315, 11.405050505050506 ], [ 76.193939393939388, 11.405050505050506 ], [ 75.835353535353534, 11.410101010101011 ], [ 75.961616161616163, 11.410101010101011 ], [ 75.991919191919195, 11.410101010101011 ], [ 76.128282828282821, 11.410101010101011 ], [ 76.188888888888883, 11.410101010101011 ], [ 75.825252525252523, 11.415151515151516 ], [ 76.133333333333326, 11.415151515151516 ], [ 76.183838383838378, 11.415151515151516 ], [ 75.820202020202018, 11.420202020202021 ], [ 76.138383838383831, 11.420202020202021 ], [ 76.173737373737367, 11.420202020202021 ], [ 76.057575757575748, 11.460606060606061 ], [ 76.092929292929284, 11.460606060606061 ], [ 75.865656565656565, 11.465656565656566 ], [ 75.901010101010101, 11.465656565656566 ], [ 76.042424242424246, 11.465656565656566 ], [ 76.103030303030295, 11.465656565656566 ], [ 75.855555555555554, 11.470707070707071 ], [ 75.911111111111111, 11.470707070707071 ], [ 76.032323232323236, 11.470707070707071 ], [ 76.113131313131305, 11.470707070707071 ], [ 76.224242424242419, 11.470707070707071 ], [ 76.269696969696966, 11.470707070707071 ], [ 75.850505050505049, 11.475757575757576 ], [ 75.921212121212122, 11.475757575757576 ], [ 76.027272727272731, 11.475757575757576 ], [ 76.113131313131305, 11.475757575757576 ], [ 76.219191919191914, 11.475757575757576 ], [ 76.279797979797976, 11.475757575757576 ], [ 75.845454545454544, 11.480808080808082 ], [ 75.921212121212122, 11.480808080808082 ], [ 76.022222222222226, 11.480808080808082 ], [ 76.11818181818181, 11.480808080808082 ], [ 76.214141414141409, 11.480808080808082 ], [ 76.284848484848482, 11.480808080808082 ], [ 75.845454545454544, 11.485858585858587 ], [ 75.926262626262627, 11.485858585858587 ], [ 76.022222222222226, 11.485858585858587 ], [ 76.11818181818181, 11.485858585858587 ], [ 76.209090909090904, 11.485858585858587 ], [ 76.289898989898987, 11.485858585858587 ], [ 75.840404040404039, 11.490909090909092 ], [ 75.931313131313132, 11.490909090909092 ], [ 76.017171717171721, 11.490909090909092 ], [ 76.123232323232315, 11.490909090909092 ], [ 76.209090909090904, 11.490909090909092 ], [ 76.289898989898987, 11.490909090909092 ], [ 75.840404040404039, 11.495959595959595 ], [ 75.931313131313132, 11.495959595959595 ], [ 76.017171717171721, 11.495959595959595 ], [ 76.123232323232315, 11.495959595959595 ], [ 76.209090909090904, 11.495959595959595 ], [ 76.294949494949492, 11.495959595959595 ], [ 75.840404040404039, 11.501010101010101 ], [ 75.931313131313132, 11.501010101010101 ], [ 76.017171717171721, 11.501010101010101 ], [ 76.123232323232315, 11.501010101010101 ], [ 76.209090909090904, 11.501010101010101 ], [ 76.294949494949492, 11.501010101010101 ], [ 75.845454545454544, 11.506060606060606 ], [ 75.926262626262627, 11.506060606060606 ], [ 76.017171717171721, 11.506060606060606 ], [ 76.11818181818181, 11.506060606060606 ], [ 76.209090909090904, 11.506060606060606 ], [ 76.294949494949492, 11.506060606060606 ], [ 75.850505050505049, 11.511111111111111 ], [ 75.926262626262627, 11.511111111111111 ], [ 76.017171717171721, 11.511111111111111 ], [ 76.11818181818181, 11.511111111111111 ], [ 76.214141414141409, 11.511111111111111 ], [ 76.294949494949492, 11.511111111111111 ], [ 75.860606060606059, 11.516161616161616 ], [ 75.916161616161617, 11.516161616161616 ], [ 76.017171717171721, 11.516161616161616 ], [ 76.113131313131305, 11.516161616161616 ], [ 76.224242424242419, 11.516161616161616 ], [ 76.289898989898987, 11.516161616161616 ], [ 76.022222222222226, 11.521212121212121 ], [ 76.1080808080808, 11.521212121212121 ], [ 76.239393939393935, 11.521212121212121 ], [ 76.274747474747471, 11.521212121212121 ], [ 76.032323232323236, 11.526262626262627 ], [ 76.092929292929284, 11.526262626262627 ], [ 75.971717171717174, 11.561616161616161 ], [ 75.991919191919195, 11.561616161616161 ], [ 75.966666666666669, 11.566666666666666 ], [ 75.9969696969697, 11.566666666666666 ], [ 75.956565656565658, 11.571717171717172 ], [ 76.002020202020205, 11.571717171717172 ], [ 75.956565656565658, 11.576767676767677 ], [ 76.00707070707071, 11.576767676767677 ], [ 75.805050505050502, 11.581818181818182 ], [ 75.951515151515153, 11.581818181818182 ], [ 76.00707070707071, 11.581818181818182 ], [ 76.153535353535347, 11.581818181818182 ], [ 76.163636363636357, 11.581818181818182 ], [ 75.815151515151513, 11.586868686868687 ], [ 75.946464646464648, 11.586868686868687 ], [ 76.012121212121215, 11.586868686868687 ], [ 76.143434343434336, 11.586868686868687 ], [ 76.173737373737367, 11.586868686868687 ], [ 75.815151515151513, 11.591919191919192 ], [ 75.941414141414143, 11.591919191919192 ], [ 76.017171717171721, 11.591919191919192 ], [ 76.138383838383831, 11.591919191919192 ], [ 76.183838383838378, 11.591919191919192 ], [ 75.820202020202018, 11.596969696969698 ], [ 75.936363636363637, 11.596969696969698 ], [ 76.017171717171721, 11.596969696969698 ], [ 76.138383838383831, 11.596969696969698 ], [ 76.188888888888883, 11.596969696969698 ], [ 76.294949494949492, 11.596969696969698 ], [ 75.825252525252523, 11.602020202020203 ], [ 75.931313131313132, 11.602020202020203 ], [ 76.022222222222226, 11.602020202020203 ], [ 76.133333333333326, 11.602020202020203 ], [ 76.193939393939388, 11.602020202020203 ], [ 76.289898989898987, 11.602020202020203 ], [ 75.825252525252523, 11.607070707070708 ], [ 75.926262626262627, 11.607070707070708 ], [ 76.022222222222226, 11.607070707070708 ], [ 76.133333333333326, 11.607070707070708 ], [ 76.198989898989893, 11.607070707070708 ], [ 76.284848484848482, 11.607070707070708 ], [ 75.830303030303028, 11.612121212121213 ], [ 75.916161616161617, 11.612121212121213 ], [ 76.027272727272731, 11.612121212121213 ], [ 76.133333333333326, 11.612121212121213 ], [ 76.214141414141409, 11.612121212121213 ], [ 76.269696969696966, 11.612121212121213 ], [ 75.825252525252523, 11.617171717171718 ], [ 75.901010101010101, 11.617171717171718 ], [ 76.032323232323236, 11.617171717171718 ], [ 76.133333333333326, 11.617171717171718 ], [ 75.850505050505049, 11.622222222222222 ], [ 76.042424242424246, 11.622222222222222 ], [ 76.148484848484841, 11.622222222222222 ], [ 75.845454545454544, 11.627272727272727 ], [ 76.067676767676758, 11.627272727272727 ], [ 76.178787878787873, 11.627272727272727 ], [ 75.845454545454544, 11.632323232323232 ], [ 75.971717171717174, 11.632323232323232 ], [ 76.022222222222226, 11.632323232323232 ], [ 76.092929292929284, 11.632323232323232 ], [ 76.188888888888883, 11.632323232323232 ], [ 75.845454545454544, 11.637373737373737 ], [ 75.951515151515153, 11.637373737373737 ], [ 76.032323232323236, 11.637373737373737 ], [ 76.092929292929284, 11.637373737373737 ], [ 76.193939393939388, 11.637373737373737 ], [ 75.850505050505049, 11.642424242424243 ], [ 75.941414141414143, 11.642424242424243 ], [ 76.037373737373741, 11.642424242424243 ], [ 76.092929292929284, 11.642424242424243 ], [ 76.198989898989893, 11.642424242424243 ], [ 76.294949494949492, 11.642424242424243 ], [ 75.850505050505049, 11.647474747474748 ], [ 75.936363636363637, 11.647474747474748 ], [ 76.042424242424246, 11.647474747474748 ], [ 76.092929292929284, 11.647474747474748 ], [ 76.204040404040398, 11.647474747474748 ], [ 76.289898989898987, 11.647474747474748 ], [ 75.855555555555554, 11.652525252525253 ], [ 75.931313131313132, 11.652525252525253 ], [ 76.047474747474752, 11.652525252525253 ], [ 76.087878787878779, 11.652525252525253 ], [ 76.209090909090904, 11.652525252525253 ], [ 76.284848484848482, 11.652525252525253 ], [ 75.855555555555554, 11.657575757575758 ], [ 75.926262626262627, 11.657575757575758 ], [ 76.052525252525243, 11.657575757575758 ], [ 76.087878787878779, 11.657575757575758 ], [ 76.209090909090904, 11.657575757575758 ], [ 76.279797979797976, 11.657575757575758 ], [ 75.860606060606059, 11.662626262626263 ], [ 75.921212121212122, 11.662626262626263 ], [ 76.057575757575748, 11.662626262626263 ], [ 76.082828282828274, 11.662626262626263 ], [ 76.214141414141409, 11.662626262626263 ], [ 76.274747474747471, 11.662626262626263 ], [ 75.860606060606059, 11.667676767676769 ], [ 75.921212121212122, 11.667676767676769 ], [ 76.219191919191914, 11.667676767676769 ], [ 76.274747474747471, 11.667676767676769 ], [ 75.865656565656565, 11.672727272727274 ], [ 75.916161616161617, 11.672727272727274 ], [ 76.224242424242419, 11.672727272727274 ], [ 76.269696969696966, 11.672727272727274 ], [ 75.87070707070707, 11.677777777777779 ], [ 75.911111111111111, 11.677777777777779 ], [ 76.229292929292924, 11.677777777777779 ], [ 76.264646464646461, 11.677777777777779 ], [ 75.87070707070707, 11.682828282828282 ], [ 75.906060606060606, 11.682828282828282 ], [ 76.23434343434343, 11.682828282828282 ], [ 76.25454545454545, 11.682828282828282 ], [ 75.88080808080808, 11.687878787878788 ], [ 75.895959595959596, 11.687878787878788 ], [ 75.840404040404039, 11.723232323232324 ], [ 76.123232323232315, 11.723232323232324 ], [ 76.193939393939388, 11.723232323232324 ], [ 75.850505050505049, 11.728282828282829 ], [ 75.956565656565658, 11.728282828282829 ], [ 75.991919191919195, 11.728282828282829 ], [ 76.113131313131305, 11.728282828282829 ], [ 76.204040404040398, 11.728282828282829 ], [ 75.855555555555554, 11.733333333333334 ], [ 75.941414141414143, 11.733333333333334 ], [ 76.00707070707071, 11.733333333333334 ], [ 76.1080808080808, 11.733333333333334 ], [ 76.204040404040398, 11.733333333333334 ], [ 75.855555555555554, 11.738383838383839 ], [ 75.936363636363637, 11.738383838383839 ], [ 76.017171717171721, 11.738383838383839 ], [ 76.1080808080808, 11.738383838383839 ], [ 76.209090909090904, 11.738383838383839 ], [ 75.855555555555554, 11.743434343434345 ], [ 75.936363636363637, 11.743434343434345 ], [ 76.022222222222226, 11.743434343434345 ], [ 76.103030303030295, 11.743434343434345 ], [ 76.209090909090904, 11.743434343434345 ], [ 75.855555555555554, 11.748484848484848 ], [ 75.936363636363637, 11.748484848484848 ], [ 76.022222222222226, 11.748484848484848 ], [ 76.103030303030295, 11.748484848484848 ], [ 76.209090909090904, 11.748484848484848 ], [ 75.855555555555554, 11.753535353535353 ], [ 75.936363636363637, 11.753535353535353 ], [ 76.022222222222226, 11.753535353535353 ], [ 76.103030303030295, 11.753535353535353 ], [ 76.209090909090904, 11.753535353535353 ], [ 75.850505050505049, 11.758585858585858 ], [ 75.941414141414143, 11.758585858585858 ], [ 76.022222222222226, 11.758585858585858 ], [ 76.103030303030295, 11.758585858585858 ], [ 76.204040404040398, 11.758585858585858 ], [ 75.850505050505049, 11.763636363636364 ], [ 75.941414141414143, 11.763636363636364 ], [ 76.022222222222226, 11.763636363636364 ], [ 76.1080808080808, 11.763636363636364 ], [ 76.204040404040398, 11.763636363636364 ], [ 75.845454545454544, 11.768686868686869 ], [ 75.946464646464648, 11.768686868686869 ], [ 76.017171717171721, 11.768686868686869 ], [ 76.1080808080808, 11.768686868686869 ], [ 76.198989898989893, 11.768686868686869 ], [ 75.840404040404039, 11.773737373737374 ], [ 75.951515151515153, 11.773737373737374 ], [ 76.012121212121215, 11.773737373737374 ], [ 76.113131313131305, 11.773737373737374 ], [ 76.193939393939388, 11.773737373737374 ], [ 75.835353535353534, 11.778787878787879 ], [ 75.961616161616163, 11.778787878787879 ], [ 76.002020202020205, 11.778787878787879 ], [ 76.11818181818181, 11.778787878787879 ], [ 76.188888888888883, 11.778787878787879 ], [ 75.830303030303028, 11.783838383838384 ], [ 76.128282828282821, 11.783838383838384 ], [ 76.178787878787873, 11.783838383838384 ], [ 75.810101010101008, 11.78888888888889 ], [ 76.062626262626253, 11.824242424242424 ], [ 76.072727272727263, 11.824242424242424 ], [ 76.047474747474752, 11.829292929292929 ], [ 76.087878787878779, 11.829292929292929 ], [ 76.037373737373741, 11.834343434343435 ], [ 76.092929292929284, 11.834343434343435 ], [ 76.24444444444444, 11.834343434343435 ], [ 76.259595959595956, 11.834343434343435 ], [ 75.875757575757575, 11.83939393939394 ], [ 75.906060606060606, 11.83939393939394 ], [ 76.032323232323236, 11.83939393939394 ], [ 76.097979797979789, 11.83939393939394 ], [ 76.229292929292924, 11.83939393939394 ], [ 76.274747474747471, 11.83939393939394 ], [ 75.865656565656565, 11.844444444444445 ], [ 75.916161616161617, 11.844444444444445 ], [ 76.027272727272731, 11.844444444444445 ], [ 76.103030303030295, 11.844444444444445 ], [ 76.224242424242419, 11.844444444444445 ], [ 76.279797979797976, 11.844444444444445 ], [ 75.860606060606059, 11.84949494949495 ], [ 75.921212121212122, 11.84949494949495 ], [ 76.027272727272731, 11.84949494949495 ], [ 76.1080808080808, 11.84949494949495 ], [ 76.219191919191914, 11.84949494949495 ], [ 76.289898989898987, 11.84949494949495 ], [ 75.855555555555554, 11.854545454545455 ], [ 75.926262626262627, 11.854545454545455 ], [ 76.022222222222226, 11.854545454545455 ], [ 76.1080808080808, 11.854545454545455 ], [ 76.214141414141409, 11.854545454545455 ], [ 76.294949494949492, 11.854545454545455 ], [ 75.855555555555554, 11.859595959595961 ], [ 75.931313131313132, 11.859595959595961 ], [ 76.017171717171721, 11.859595959595961 ], [ 76.113131313131305, 11.859595959595961 ], [ 76.214141414141409, 11.859595959595961 ], [ 76.294949494949492, 11.859595959595961 ], [ 75.850505050505049, 11.864646464646466 ], [ 75.936363636363637, 11.864646464646466 ], [ 76.012121212121215, 11.864646464646466 ], [ 76.113131313131305, 11.864646464646466 ], [ 76.209090909090904, 11.864646464646466 ], [ 75.850505050505049, 11.869696969696971 ], [ 75.936363636363637, 11.869696969696971 ], [ 76.00707070707071, 11.869696969696971 ], [ 76.113131313131305, 11.869696969696971 ], [ 76.209090909090904, 11.869696969696971 ], [ 75.850505050505049, 11.874747474747474 ], [ 75.941414141414143, 11.874747474747474 ], [ 76.00707070707071, 11.874747474747474 ], [ 76.113131313131305, 11.874747474747474 ], [ 76.209090909090904, 11.874747474747474 ], [ 75.855555555555554, 11.87979797979798 ], [ 75.946464646464648, 11.87979797979798 ], [ 75.9969696969697, 11.87979797979798 ], [ 76.113131313131305, 11.87979797979798 ], [ 76.209090909090904, 11.87979797979798 ], [ 75.865656565656565, 11.884848484848485 ], [ 75.966666666666669, 11.884848484848485 ], [ 75.971717171717174, 11.884848484848485 ], [ 76.103030303030295, 11.884848484848485 ], [ 76.209090909090904, 11.884848484848485 ], [ 75.901010101010101, 11.88989898989899 ], [ 76.082828282828274, 11.88989898989899 ], [ 76.224242424242419, 11.88989898989899 ], [ 75.936363636363637, 11.894949494949495 ], [ 76.032323232323236, 11.894949494949495 ], [ 76.264646464646461, 11.894949494949495 ], [ 75.941414141414143, 11.9 ], [ 76.017171717171721, 11.9 ], [ 76.294949494949492, 11.9 ] ] } },
{ "type": "Feature", "properties": { "elevation_m": 350.0 }, "geometry": { "type": "LineString", "coordinates": [ [ 75.845454545454544, 11.4 ], [ 75.941414141414143, 11.4 ], [ 76.00707070707071, 11.4 ], [ 76.11818181818181, 11.4 ], [ 76.204040404040398, 11.4 ], [ 75.840404040404039, 11.405050505050506 ], [ 75.946464646464648, 11.405050505050506 ], [ 76.002020202020205, 11.405050505050506 ], [ 76.11818181818181, 11.405050505050506 ], [ 76.198989898989893, 11.405050505050506 ], [ 75.835353535353534, 11.410101010101011 ], [ 75.956565656565658, 11.410101010101011 ], [ 75.9969696969697, 11.410101010101011 ], [ 76.123232323232315, 11.410101010101011 ], [ 76.193939393939388, 11.410101010101011 ], [ 75.830303030303028, 11.415151515151516 ], [ 76.128282828282821, 11.415151515151516 ], [ 76.188888888888883, 11.415151515151516 ], [ 75.825252525252523, 11.420202020202021 ], [ 76.133333333333326, 11.420202020202021 ], [ 76.183838383838378, 11.420202020202021 ], [ 75.810101010101008, 11.425252525252526 ], [ 76.143434343434336, 11.425252525252526 ], [ 76.168686868686862, 11.425252525252526 ], [ 76.047474747474752, 11.460606060606061 ], [ 76.103030303030295, 11.460606060606061 ], [ 75.860606060606059, 11.465656565656566 ], [ 75.906060606060606, 11.465656565656566 ], [ 76.037373737373741, 11.465656565656566 ], [ 76.1080808080808, 11.465656565656566 ], [ 76.23434343434343, 11.465656565656566 ], [ 76.259595959595956, 11.465656565656566 ], [ 75.850505050505049, 11.470707070707071 ], [ 75.916161616161617, 11.470707070707071 ], [ 76.032323232323236, 11.470707070707071 ], [ 76.113131313131305, 11.470707070707071 ], [ 76.219191919191914, 11.470707070707071 ], [ 76.274747474747471, 11.470707070707071 ], [ 75.845454545454544, 11.475757575757576 ], [ 75.921212121212122, 11.475757575757576 ], [ 76.027272727272731, 11.475757575757576 ], [ 76.11818181818181, 11.475757575757576 ], [ 76.214141414141409, 11.475757575757576 ], [ 76.284848484848482, 11.475757575757576 ], [ 75.840404040404039, 11.480808080808082 ], [ 75.926262626262627, 11.480808080808082 ], [ 76.022222222222226, 11.480808080808082 ], [ 76.123232323232315, 11.480808080808082 ], [ 76.209090909090904, 11.480808080808082 ], [ 76.289898989898987, 11.480808080808082 ], [ 75.840404040404039, 11.485858585858587 ], [ 75.931313131313132, 11.485858585858587 ], [ 76.017171717171721, 11.485858585858587 ], [ 76.123232323232315, 11.485858585858587 ], [ 76.204040404040398, 11.485858585858587 ], [ 76.294949494949492, 11.485858585858587 ], [ 75.840404040404039, 11.490909090909092 ], [ 75.931313131313132, 11.490909090909092 ], [ 76.017171717171721, 11.490909090909092 ], [ 76.123232323232315, 11.490909090909092 ], [ 76.204040404040398, 11.490909090909092 ], [ 76.294949494949492, 11.490909090909092 ], [ 75.840404040404039, 11.495959595959595 ], [ 75.931313131313132, 11.495959595959595 ], [ 76.012121212121215, 11.495959595959595 ], [ 76.123232323232315, 11.495959595959595 ], [ 76.204040404040398, 11.495959595959595 ], [ 75.840404040404039, 11.501010101010101 ], [ 75.931313131313132, 11.501010101010101 ], [ 76.012121212121215, 11.501010101010101 ], [ 76.123232323232315, 11.501010101010101 ], [ 76.204040404040398, 11.501010101010101 ], [ 75.840404040404039, 11.506060606060606 ], [ 75.931313131313132, 11.506060606060606 ], [ 76.012121212121215, 11.506060606060606 ], [ 76.123232323232315, 11.506060606060606 ], [ 76.204040404040398, 11.506060606060606 ], [ 75.845454545454544, 11.511111111111111 ], [ 75.931313131313132, 11.511111111111111 ], [ 76.012121212121215, 11.511111111111111 ], [ 76.123232323232315, 11.511111111111111 ], [ 76.209090909090904, 11.511111111111111 ], [ 75.850505050505049, 11.516161616161616 ], [ 75.921212121212122, 11.516161616161616 ], [ 76.012121212121215, 11.516161616161616 ], [ 76.11818181818181, 11.516161616161616 ], [ 76.214141414141409, 11.516161616161616 ], [ 76.294949494949492, 11.516161616161616 ], [ 75.87070707070707, 11.521212121212121 ], [ 75.906060606060606, 11.521212121212121 ], [ 76.017171717171721, 11.521212121212121 ], [ 76.113131313131305, 11.521212121212121 ], [ 76.229292929292924, 11.521212121212121 ], [ 76.289898989898987, 11.521212121212121 ], [ 76.022222222222226, 11.526262626262627 ], [ 76.097979797979789, 11.526262626262627 ], [ 75.971717171717174, 11.556565656565656 ], [ 75.991919191919195, 11.556565656565656 ], [ 75.966666666666669, 11.561616161616161 ], [ 75.9969696969697, 11.561616161616161 ], [ 75.961616161616163, 11.566666666666666 ], [ 76.002020202020205, 11.566666666666666 ], [ 75.956565656565658, 11.571717171717172 ], [ 76.00707070707071, 11.571717171717172 ], [ 75.810101010101008, 11.576767676767677 ], [ 75.951515151515153, 11.576767676767677 ], [ 76.012121212121215, 11.576767676767677 ], [ 76.153535353535347, 11.576767676767677 ], [ 76.163636363636357, 11.576767676767677 ], [ 75.815151515151513, 11.581818181818182 ], [ 75.946464646464648, 11.581818181818182 ], [ 76.012121212121215, 11.581818181818182 ], [ 76.143434343434336, 11.581818181818182 ], [ 76.173737373737367, 11.581818181818182 ], [ 75.820202020202018, 11.586868686868687 ], [ 75.941414141414143, 11.586868686868687 ], [ 76.017171717171721, 11.586868686868687 ], [ 76.138383838383831, 11.586868686868687 ], [ 76.183838383838378, 11.586868686868687 ], [ 75.825252525252523, 11.591919191919192 ], [ 75.941414141414143, 11.591919191919192 ], [ 76.017171717171721, 11.591919191919192 ], [ 76.133333333333326, 11.591919191919192 ], [ 76.188888888888883, 11.591919191919192 ], [ 76.294949494949492, 11.591919191919192 ], [ 75.825252525252523, 11.596969696969698 ], [ 75.936363636363637, 11.596969696969698 ], [ 76.022222222222226, 11.596969696969698 ], [ 76.133333333333326, 11.596969696969698 ], [ 76.193939393939388, 11.596969696969698 ], [ 76.289898989898987, 11.596969696969698 ], [ 75.830303030303028, 11.602020202020203 ], [ 75.931313131313132, 11.602020202020203 ], [ 76.027272727272731, 11.602020202020203 ], [ 76.128282828282821, 11.602020202020203 ], [ 76.198989898989893, 11.602020202020203 ], [ 76.284848484848482, 11.602020202020203 ], [ 75.835353535353534, 11.607070707070708 ], [ 75.921212121212122, 11.607070707070708 ], [ 76.027272727272731, 11.607070707070708 ], [ 76.128282828282821, 11.607070707070708 ], [ 76.209090909090904, 11.607070707070708 ], [ 76.274747474747471, 11.607070707070708 ], [ 75.840404040404039, 11.612121212121213 ], [ 75.911111111111111, 11.612121212121213 ], [ 76.032323232323236, 11.612121212121213 ], [ 76.123232323232315, 11.612121212121213 ], [ 76.229292929292924, 11.612121212121213 ], [ 76.25454545454545, 11.612121212121213 ], [ 75.860606060606059, 11.617171717171718 ], [ 75.875757575757575, 11.617171717171718 ], [ 76.042424242424246, 11.617171717171718 ], [ 76.123232323232315, 11.617171717171718 ], [ 76.057575757575748, 11.622222222222222 ], [ 76.123232323232315, 11.622222222222222 ], [ 75.830303030303028, 11.627272727272727 ], [ 76.103030303030295, 11.627272727272727 ], [ 76.158585858585852, 11.627272727272727 ], [ 75.840404040404039, 11.632323232323232 ], [ 76.103030303030295, 11.632323232323232 ], [ 76.178787878787873, 11.632323232323232 ], [ 75.840404040404039, 11.637373737373737 ], [ 75.956565656565658, 11.637373737373737 ], [ 76.022222222222226, 11.637373737373737 ], [ 76.103030303030295, 11.637373737373737 ], [ 76.188888888888883, 11.637373737373737 ], [ 75.845454545454544, 11.642424242424243 ], [ 75.946464646464648, 11.642424242424243 ], [ 76.032323232323236, 11.642424242424243 ], [ 76.103030303030295, 11.642424242424243 ], [ 76.193939393939388, 11.642424242424243 ], [ 75.850505050505049, 11.647474747474748 ], [ 75.941414141414143, 11.647474747474748 ], [ 76.037373737373741, 11.647474747474748 ], [ 76.097979797979789, 11.647474747474748 ], [ 76.198989898989893, 11.647474747474748 ], [ 76.294949494949492, 11.647474747474748 ], [ 75.850505050505049, 11.652525252525253 ], [ 75.936363636363637, 11.652525252525253 ], [ 76.042424242424246, 11.652525252525253 ], [ 76.097979797979789, 11.652525252525253 ], [ 76.204040404040398, 11.652525252525253 ], [ 76.289898989898987, 11.652525252525253 ], [ 75.855555555555554, 11.657575757575758 ], [ 75.931313131313132, 11.657575757575758 ], [ 76.047474747474752, 11.657575757575758 ], [ 76.092929292929284, 11.657575757575758 ], [ 76.209090909090904, 11.657575757575758 ], [ 76.284848484848482, 11.657575757575758 ], [ 75.855555555555554, 11.662626262626263 ], [ 75.926262626262627, 11.662626262626263 ], [ 76.052525252525243, 11.662626262626263 ], [ 76.087878787878779, 11.662626262626263 ], [ 76.209090909090904, 11.662626262626263 ], [ 76.279797979797976, 11.662626262626263 ], [ 75.860606060606059, 11.667676767676769 ], [ 75.921212121212122, 11.667676767676769 ], [ 76.057575757575748, 11.667676767676769 ], [ 76.082828282828274, 11.667676767676769 ], [ 76.214141414141409, 11.667676767676769 ], [ 76.274747474747471, 11.667676767676769 ], [ 75.860606060606059, 11.672727272727274 ], [ 75.916161616161617, 11.672727272727274 ], [ 76.219191919191914, 11.672727272727274 ], [ 76.269696969696966, 11.672727272727274 ], [ 75.865656565656565, 11.677777777777779 ], [ 75.916161616161617, 11.677777777777779 ], [ 76.224242424242419, 11.677777777777779 ], [ 76.269696969696966, 11.677777777777779 ], [ 75.865656565656565, 11.682828282828282 ], [ 75.911111111111111, 11.682828282828282 ], [ 76.229292929292924, 11.682828282828282 ], [ 76.259595959595956, 11.682828282828282 ], [ 75.87070707070707, 11.687878787878788 ], [ 75.906060606060606, 11.687878787878788 ], [ 76.23434343434343, 11.687878787878788 ], [ 76.25454545454545, 11.687878787878788 ], [ 75.875757575757575, 11.692929292929293 ], [ 75.901010101010101, 11.692929292929293 ], [ 75.810101010101008, 11.718181818181819 ], [ 75.825252525252523, 11.718181818181819 ], [ 76.138383838383831, 11.718181818181819 ], [ 76.188888888888883, 11.718181818181819 ], [ 75.850505050505049, 11.723232323232324 ], [ 76.11818181818181, 11.723232323232324 ], [ 76.204040404040398, 11.723232323232324 ], [ 75.855555555555554, 11.728282828282829 ], [ 75.946464646464648, 11.728282828282829 ], [ 76.002020202020205, 11.728282828282829 ], [ 76.1080808080808, 11.728282828282829 ], [ 76.209090909090904, 11.728282828282829 ], [ 75.855555555555554, 11.733333333333334 ], [ 75.936363636363637, 11.733333333333334 ], [ 76.017171717171721, 11.733333333333334 ], [ 76.103030303030295, 11.733333333333334 ], [ 76.209090909090904, 11.733333333333334 ], [ 75.860606060606059, 11.738383838383839 ], [ 75.931313131313132, 11.738383838383839 ], [ 76.022222222222226, 11.738383838383839 ], [ 76.103030303030295, 11.738383838383839 ], [ 76.209090909090904, 11.738383838383839 ], [ 75.860606060606059, 11.743434343434345 ], [ 75.931313131313132, 11.743434343434345 ], [ 76.022222222222226, 11.743434343434345 ], [ 76.103030303030295, 11.743434343434345 ], [ 76.209090909090904, 11.743434343434345 ], [ 76.294949494949492, 11.743434343434345 ], [ 75.855555555555554, 11.748484848484848 ], [ 75.931313131313132, 11.748484848484848 ], [ 76.027272727272731, 11.748484848484848 ], [ 76.097979797979789, 11.748484848484848 ], [ 76.209090909090904, 11.748484848484848 ], [ 76.294949494949492, 11.748484848484848 ], [ 75.855555555555554, 11.753535353535353 ], [ 75.931313131313132, 11.753535353535353 ], [ 76.027272727272731, 11.753535353535353 ], [ 76.103030303030295, 11.753535353535353 ], [ 76.209090909090904, 11.753535353535353 ], [ 76.294949494949492, 11.753535353535353 ], [ 75.855555555555554, 11.758585858585858 ], [ 75.936363636363637, 11.758585858585858 ], [ 76.027272727272731, 11.758585858585858 ], [ 76.103030303030295, 11.758585858585858 ], [ 76.209090909090904, 11.758585858585858 ], [ 76.294949494949492, 11.758585858585858 ], [ 75.850505050505049, 11.763636363636364 ], [ 75.936363636363637, 11.763636363636364 ], [ 76.022222222222226, 11.763636363636364 ], [ 76.103030303030295, 11.763636363636364 ], [ 76.204040404040398, 11.763636363636364 ], [ 75.850505050505049, 11.768686868686869 ], [ 75.941414141414143, 11.768686868686869 ], [ 76.022222222222226, 11.768686868686869 ], [ 76.1080808080808, 11.768686868686869 ], [ 76.204040404040398, 11.768686868686869 ], [ 75.845454545454544, 11.773737373737374 ], [ 75.946464646464648, 11.773737373737374 ], [ 76.017171717171721, 11.773737373737374 ], [ 76.1080808080808, 11.773737373737374 ], [ 76.198989898989893, 11.773737373737374 ], [ 75.840404040404039, 11.778787878787879 ], [ 75.956565656565658, 11.778787878787879 ], [ 76.012121212121215, 11.778787878787879 ], [ 76.113131313131305, 11.778787878787879 ], [ 76.188888888888883, 11.778787878787879 ], [ 75.830303030303028, 11.783838383838384 ], [ 75.976767676767679, 11.783838383838384 ], [ 75.991919191919195, 11.783838383838384 ], [ 76.123232323232315, 11.783838383838384 ], [ 76.183838383838378, 11.783838383838384 ], [ 75.820202020202018, 11.78888888888889 ], [ 76.138383838383831, 11.78888888888889 ], [ 76.163636363636357, 11.78888888888889 ], [ 76.052525252525243, 11.824242424242424 ], [ 76.082828282828274, 11.824242424242424 ], [ 76.042424242424246, 11.829292929292929 ], [ 76.092929292929284, 11.829292929292929 ], [ 75.88080808080808, 11.834343434343435 ], [ 75.895959595959596, 11.834343434343435 ], [ 76.037373737373741, 11.834343434343435 ], [ 76.097979797979789, 11.834343434343435 ], [ 76.23434343434343, 11.834343434343435 ], [ 76.269696969696966, 11.834343434343435 ], [ 75.87070707070707, 11.83939393939394 ], [ 75.911111111111111, 11.83939393939394 ], [ 76.032323232323236, 11.83939393939394 ], [ 76.103030303030295, 11.83939393939394 ], [ 76.224242424242419, 11.83939393939394 ], [ 76.279797979797976, 11.83939393939394 ], [ 75.860606060606059, 11.844444444444445 ], [ 75.921212121212122, 11.844444444444445 ], [ 76.027272727272731, 11.844444444444445 ], [ 76.1080808080808, 11.844444444444445 ], [ 76.219191919191914, 11.844444444444445 ], [ 76.284848484848482, 11.844444444444445 ], [ 75.855555555555554, 11.84949494949495 ], [ 75.926262626262627, 11.84949494949495 ], [ 76.022222222222226, 11.84949494949495 ], [ 76.1080808080808, 11.84949494949495 ], [ 76.214141414141409, 11.84949494949495 ], [ 76.289898989898987, 11.84949494949495 ], [ 75.855555555555554, 11.854545454545455 ], [ 75.931313131313132, 11.854545454545455 ], [ 76.017171717171721, 11.854545454545455 ], [ 76.113131313131305, 11.854545454545455 ], [ 76.214141414141409, 11.854545454545455 ], [ 76.294949494949492, 11.854545454545455 ], [ 75.850505050505049, 11.859595959595961 ], [ 75.936363636363637, 11.859595959595961 ], [ 76.012121212121215, 11.859595959595961 ], [ 76.113131313131305, 11.859595959595961 ], [ 76.209090909090904, 11.859595959595961 ], [ 75.850505050505049, 11.864646464646466 ], [ 75.941414141414143, 11.864646464646466 ], [ 76.00707070707071, 11.864646464646466 ], [ 76.113131313131305, 11.864646464646466 ], [ 76.204040404040398, 11.864646464646466 ], [ 75.845454545454544, 11.869696969696971 ], [ 75.946464646464648, 11.869696969696971 ], [ 76.002020202020205, 11.869696969696971 ], [ 76.11818181818181, 11.869696969696971 ], [ 76.204040404040398, 11.869696969696971 ], [ 75.845454545454544, 11.874747474747474 ], [ 75.951515151515153, 11.874747474747474 ], [ 75.9969696969697, 11.874747474747474 ], [ 76.11818181818181, 11.874747474747474 ], [ 76.204040404040398, 11.874747474747474 ], [ 75.850505050505049, 11.87979797979798 ], [ 75.966666666666669, 11.87979797979798 ], [ 75.981818181818184, 11.87979797979798 ], [ 76.11818181818181, 11.87979797979798 ], [ 76.204040404040398, 11.87979797979798 ], [ 75.855555555555554, 11.884848484848485 ], [ 76.113131313131305, 11.884848484848485 ], [ 76.204040404040398, 11.884848484848485 ], [ 75.875757575757575, 11.88989898989899 ], [ 76.097979797979789, 11.88989898989899 ], [ 76.209090909090904, 11.88989898989899 ], [ 75.921212121212122, 11.894949494949495 ], [ 76.052525252525243, 11.894949494949495 ], [ 76.239393939393935, 11.894949494949495 ], [ 75.936363636363637, 11.9 ], [ 76.027272727272731, 11.9 ], [ 76.279797979797976, 11.9 ] ] } },
{ "type": "Feature", "properties": { "elevation_m": 400.0 }, "geometry": { "type": "LineString", "coordinates": [ [ 75.850505050505049, 11.4 ], [ 75.936363636363637, 11.4 ], [ 76.012121212121215, 11.4 ], [ 76.113131313131305, 11.4 ], [ 76.204040404040398, 11.4 ], [ 75.845454545454544, 11.405050505050506 ], [ 75.946464646464648, 11.405050505050506 ], [ 76.00707070707071, 11.405050505050506 ], [ 76.11818181818181, 11.405050505050506 ], [ 76.204040404040398, 11.405050505050506 ], [ 75.840404040404039, 11.410101010101011 ], [ 75.951515151515153, 11.410101010101011 ], [ 76.002020202020205, 11.410101010101011 ], [ 76.11818181818181, 11.410101010101011 ], [ 76.198989898989893, 11.410101010101011 ], [ 75.835353535353534, 11.415151515151516 ], [ 75.961616161616163, 11.415151515151516 ], [ 75.991919191919195, 11.415151515151516 ], [ 76.123232323232315, 11.415151515151516 ], [ 76.193939393939388, 11.415151515151516 ], [ 75.830303030303028, 11.420202020202021 ], [ 76.128282828282821, 11.420202020202021 ], [ 76.183838383838378, 11.420202020202021 ], [ 75.820202020202018, 11.425252525252526 ], [ 76.138383838383831, 11.425252525252526 ], [ 76.178787878787873, 11.425252525252526 ], [ 76.062626262626253, 11.455555555555556 ], [ 76.087878787878779, 11.455555555555556 ], [ 75.865656565656565, 11.460606060606061 ], [ 75.895959595959596, 11.460606060606061 ], [ 76.042424242424246, 11.460606060606061 ], [ 76.1080808080808, 11.460606060606061 ], [ 75.850505050505049, 11.465656565656566 ], [ 75.911111111111111, 11.465656565656566 ], [ 76.032323232323236, 11.465656565656566 ], [ 76.113131313131305, 11.465656565656566 ], [ 76.224242424242419, 11.465656565656566 ], [ 76.269696969696966, 11.465656565656566 ], [ 75.845454545454544, 11.470707070707071 ], [ 75.921212121212122, 11.470707070707071 ], [ 76.027272727272731, 11.470707070707071 ], [ 76.11818181818181, 11.470707070707071 ], [ 76.214141414141409, 11.470707070707071 ], [ 76.279797979797976, 11.470707070707071 ], [ 75.840404040404039, 11.475757575757576 ], [ 75.926262626262627, 11.475757575757576 ], [ 76.022222222222226, 11.475757575757576 ], [ 76.123232323232315, 11.475757575757576 ], [ 76.209090909090904, 11.475757575757576 ], [ 76.289898989898987, 11.475757575757576 ], [ 75.840404040404039, 11.480808080808082 ], [ 75.931313131313132, 11.480808080808082 ], [ 76.017171717171721, 11.480808080808082 ], [ 76.123232323232315, 11.480808080808082 ], [ 76.204040404040398, 11.480808080808082 ], [ 76.294949494949492, 11.480808080808082 ], [ 75.835353535353534, 11.485858585858587 ], [ 75.931313131313132, 11.485858585858587 ], [ 76.017171717171721, 11.485858585858587 ], [ 76.128282828282821, 11.485858585858587 ], [ 76.204040404040398, 11.485858585858587 ], [ 76.294949494949492, 11.485858585858587 ], [ 75.835353535353534, 11.490909090909092 ], [ 75.936363636363637, 11.490909090909092 ], [ 76.012121212121215, 11.490909090909092 ], [ 76.128282828282821, 11.490909090909092 ], [ 76.198989898989893, 11.490909090909092 ], [ 75.835353535353534, 11.495959595959595 ], [ 75.936363636363637, 11.495959595959595 ], [ 76.012121212121215, 11.495959595959595 ], [ 76.128282828282821, 11.495959595959595 ], [ 76.198989898989893, 11.495959595959595 ], [ 75.835353535353534, 11.501010101010101 ], [ 75.936363636363637, 11.501010101010101 ], [ 76.012121212121215, 11.501010101010101 ], [ 76.128282828282821, 11.501010101010101 ], [ 76.198989898989893, 11.501010101010101 ], [ 75.835353535353534, 11.506060606060606 ], [ 75.936363636363637, 11.506060606060606 ], [ 76.00707070707071, 11.506060606060606 ], [ 76.128282828282821, 11.506060606060606 ], [ 76.204040404040398, 11.506060606060606 ], [ 75.840404040404039, 11.511111111111111 ], [ 75.936363636363637, 11.511111111111111 ], [ 76.00707070707071, 11.511111111111111 ], [ 76.123232323232315, 11.511111111111111 ], [ 76.204040404040398, 11.511111111111111 ], [ 75.845454545454544, 11.516161616161616 ], [ 75.931313131313132, 11.516161616161616 ], [ 76.00707070707071, 11.516161616161616 ], [ 76.123232323232315, 11.516161616161616 ], [ 76.209090909090904, 11.516161616161616 ], [ 75.860606060606059, 11.521212121212121 ], [ 75.921212121212122, 11.521212121212121 ], [ 76.012121212121215, 11.521212121212121 ], [ 76.11818181818181, 11.521212121212121 ], [ 76.219191919191914, 11.521212121212121 ], [ 76.012121212121215, 11.526262626262627 ], [ 76.1080808080808, 11.526262626262627 ], [ 76.249494949494945, 11.526262626262627 ], [ 76.279797979797976, 11.526262626262627 ], [ 76.027272727272731, 11.531313131313132 ], [ 76.077777777777769, 11.531313131313132 ], [ 75.971717171717174, 11.551515151515153 ], [ 75.9969696969697, 11.551515151515153 ], [ 75.966666666666669, 11.556565656565656 ], [ 76.002020202020205, 11.556565656565656 ], [ 75.961616161616163, 11.561616161616161 ], [ 76.00707070707071, 11.561616161616161 ], [ 75.956565656565658, 11.566666666666666 ], [ 76.00707070707071, 11.566666666666666 ], [ 75.810101010101008, 11.571717171717172 ], [ 75.951515151515153, 11.571717171717172 ], [ 76.012121212121215, 11.571717171717172 ], [ 75.815151515151513, 11.576767676767677 ], [ 75.946464646464648, 11.576767676767677 ], [ 76.012121212121215, 11.576767676767677 ], [ 76.143434343434336, 11.576767676767677 ], [ 76.173737373737367, 11.576767676767677 ], [ 75.820202020202018, 11.581818181818182 ], [ 75.946464646464648, 11.581818181818182 ], [ 76.017171717171721, 11.581818181818182 ], [ 76.138383838383831, 11.581818181818182 ], [ 76.178787878787873, 11.581818181818182 ], [ 75.825252525252523, 11.586868686868687 ], [ 75.941414141414143, 11.586868686868687 ], [ 76.017171717171721, 11.586868686868687 ], [ 76.133333333333326, 11.586868686868687 ], [ 76.188888888888883, 11.586868686868687 ], [ 76.294949494949492, 11.586868686868687 ], [ 75.825252525252523, 11.591919191919192 ], [ 75.936363636363637, 11.591919191919192 ], [ 76.022222222222226, 11.591919191919192 ], [ 76.128282828282821, 11.591919191919192 ], [ 76.193939393939388, 11.591919191919192 ], [ 76.289898989898987, 11.591919191919192 ], [ 75.830303030303028, 11.596969696969698 ], [ 75.931313131313132, 11.596969696969698 ], [ 76.027272727272731, 11.596969696969698 ], [ 76.128282828282821, 11.596969696969698 ], [ 76.198989898989893, 11.596969696969698 ], [ 76.284848484848482, 11.596969696969698 ], [ 75.835353535353534, 11.602020202020203 ], [ 75.926262626262627, 11.602020202020203 ], [ 76.027272727272731, 11.602020202020203 ], [ 76.123232323232315, 11.602020202020203 ], [ 76.204040404040398, 11.602020202020203 ], [ 76.279797979797976, 11.602020202020203 ], [ 75.840404040404039, 11.607070707070708 ], [ 75.916161616161617, 11.607070707070708 ], [ 76.032323232323236, 11.607070707070708 ], [ 76.11818181818181, 11.607070707070708 ], [ 76.214141414141409, 11.607070707070708 ], [ 76.269696969696966, 11.607070707070708 ], [ 75.850505050505049, 11.612121212121213 ], [ 75.901010101010101, 11.612121212121213 ], [ 76.042424242424246, 11.612121212121213 ], [ 76.11818181818181, 11.612121212121213 ], [ 76.052525252525243, 11.617171717171718 ], [ 76.1080808080808, 11.617171717171718 ], [ 75.815151515151513, 11.627272727272727 ], [ 75.830303030303028, 11.632323232323232 ], [ 76.11818181818181, 11.632323232323232 ], [ 76.168686868686862, 11.632323232323232 ], [ 75.835353535353534, 11.637373737373737 ], [ 75.966666666666669, 11.637373737373737 ], [ 76.012121212121215, 11.637373737373737 ], [ 76.113131313131305, 11.637373737373737 ], [ 76.183838383838378, 11.637373737373737 ], [ 75.840404040404039, 11.642424242424243 ], [ 75.951515151515153, 11.642424242424243 ], [ 76.022222222222226, 11.642424242424243 ], [ 76.1080808080808, 11.642424242424243 ], [ 76.188888888888883, 11.642424242424243 ], [ 75.845454545454544, 11.647474747474748 ], [ 75.941414141414143, 11.647474747474748 ], [ 76.032323232323236, 11.647474747474748 ], [ 76.103030303030295, 11.647474747474748 ], [ 76.198989898989893, 11.647474747474748 ], [ 76.294949494949492, 11.647474747474748 ], [ 75.845454545454544, 11.652525252525253 ], [ 75.936363636363637, 11.652525252525253 ], [ 76.037373737373741, 11.652525252525253 ], [ 76.103030303030295, 11.652525252525253 ], [ 76.198989898989893, 11.652525252525253 ], [ 76.289898989898987, 11.652525252525253 ], [ 75.850505050505049, 11.657575757575758 ], [ 75.931313131313132, 11.657575757575758 ], [ 76.042424242424246, 11.657575757575758 ], [ 76.097979797979789, 11.657575757575758 ], [ 76.204040404040398, 11.657575757575758 ], [ 76.284848484848482, 11.657575757575758 ], [ 75.855555555555554, 11.662626262626263 ], [ 75.931313131313132, 11.662626262626263 ], [ 76.047474747474752, 11.662626262626263 ], [ 76.092929292929284, 11.662626262626263 ], [ 76.209090909090904, 11.662626262626263 ], [ 76.284848484848482, 11.662626262626263 ], [ 75.855555555555554, 11.667676767676769 ], [ 75.926262626262627, 11.667676767676769 ], [ 76.052525252525243, 11.667676767676769 ], [ 76.087878787878779, 11.667676767676769 ], [ 76.209090909090904, 11.667676767676769 ], [ 76.279797979797976, 11.667676767676769 ], [ 75.860606060606059, 11.672727272727274 ], [ 75.921212121212122, 11.672727272727274 ], [ 76.057575757575748, 11.672727272727274 ], [ 76.082828282828274, 11.672727272727274 ], [ 76.214141414141409, 11.672727272727274 ], [ 76.274747474747471, 11.672727272727274 ], [ 75.860606060606059, 11.677777777777779 ], [ 75.916161616161617, 11.677777777777779 ], [ 76.219191919191914, 11.677777777777779 ], [ 76.269696969696966, 11.677777777777779 ], [ 75.860606060606059, 11.682828282828282 ], [ 75.916161616161617, 11.682828282828282 ], [ 76.224242424242419, 11.682828282828282 ], [ 76.264646464646461, 11.682828282828282 ], [ 75.865656565656565, 11.687878787878788 ], [ 75.911111111111111, 11.687878787878788 ], [ 76.224242424242419, 11.687878787878788 ], [ 76.259595959595956, 11.687878787878788 ], [ 75.865656565656565, 11.692929292929293 ], [ 75.906060606060606, 11.692929292929293 ], [ 76.23434343434343, 11.692929292929293 ], [ 76.249494949494945, 11.692929292929293 ], [ 75.87070707070707, 11.697979797979798 ], [ 75.901010101010101, 11.697979797979798 ], [ 75.88080808080808, 11.703030303030303 ], [ 75.890909090909091, 11.703030303030303 ], [ 75.850505050505049, 11.718181818181819 ], [ 76.123232323232315, 11.718181818181819 ], [ 76.198989898989893, 11.718181818181819 ], [ 75.860606060606059, 11.723232323232324 ], [ 75.961616161616163, 11.723232323232324 ], [ 75.981818181818184, 11.723232323232324 ], [ 76.1080808080808, 11.723232323232324 ], [ 76.209090909090904, 11.723232323232324 ], [ 75.860606060606059, 11.728282828282829 ], [ 75.936363636363637, 11.728282828282829 ], [ 76.012121212121215, 11.728282828282829 ], [ 76.103030303030295, 11.728282828282829 ], [ 76.214141414141409, 11.728282828282829 ], [ 75.865656565656565, 11.733333333333334 ], [ 75.931313131313132, 11.733333333333334 ], [ 76.022222222222226, 11.733333333333334 ], [ 76.097979797979789, 11.733333333333334 ], [ 76.214141414141409, 11.733333333333334 ], [ 75.865656565656565, 11.738383838383839 ], [ 75.926262626262627, 11.738383838383839 ], [ 76.027272727272731, 11.738383838383839 ], [ 76.097979797979789, 11.738383838383839 ], [ 76.214141414141409, 11.738383838383839 ], [ 76.294949494949492, 11.738383838383839 ], [ 75.860606060606059, 11.743434343434345 ], [ 75.926262626262627, 11.743434343434345 ], [ 76.027272727272731, 11.743434343434345 ], [ 76.097979797979789, 11.743434343434345 ], [ 76.214141414141409, 11.743434343434345 ], [ 76.289898989898987, 11.743434343434345 ], [ 75.860606060606059, 11.748484848484848 ], [ 75.926262626262627, 11.748484848484848 ], [ 76.032323232323236, 11.748484848484848 ], [ 76.097979797979789, 11.748484848484848 ], [ 76.214141414141409, 11.748484848484848 ], [ 76.289898989898987, 11.748484848484848 ], [ 75.860606060606059, 11.753535353535353 ], [ 75.931313131313132, 11.753535353535353 ], [ 76.032323232323236, 11.753535353535353 ], [ 76.097979797979789, 11.753535353535353 ], [ 76.214141414141409, 11.753535353535353 ], [ 76.289898989898987, 11.753535353535353 ], [ 75.855555555555554, 11.758585858585858 ], [ 75.931313131313132, 11.758585858585858 ], [ 76.027272727272731, 11.758585858585858 ], [ 76.097979797979789, 11.758585858585858 ], [ 76.209090909090904, 11.758585858585858 ], [ 76.294949494949492, 11.758585858585858 ], [ 75.855555555555554, 11.763636363636364 ], [ 75.936363636363637, 11.763636363636364 ], [ 76.027272727272731, 11.763636363636364 ], [ 76.097979797979789, 11.763636363636364 ], [ 76.209090909090904, 11.763636363636364 ], [ 76.294949494949492, 11.763636363636364 ], [ 75.850505050505049, 11.768686868686869 ], [ 75.936363636363637, 11.768686868686869 ], [ 76.027272727272731, 11.768686868686869 ], [ 76.103030303030295, 11.768686868686869 ], [ 76.204040404040398, 11.768686868686869 ], [ 76.294949494949492, 11.768686868686869 ], [ 75.850505050505049, 11.773737373737374 ], [ 75.946464646464648, 11.773737373737374 ], [ 76.022222222222226, 11.773737373737374 ], [ 76.1080808080808, 11.773737373737374 ], [ 76.198989898989893, 11.773737373737374 ], [ 75.845454545454544, 11.778787878787879 ], [ 75.951515151515153, 11.778787878787879 ], [ 76.017171717171721, 11.778787878787879 ], [ 76.1080808080808, 11.778787878787879 ], [ 76.193939393939388, 11.778787878787879 ], [ 75.835353535353534, 11.783838383838384 ], [ 75.961616161616163, 11.783838383838384 ], [ 76.00707070707071, 11.783838383838384 ], [ 76.11818181818181, 11.783838383838384 ], [ 76.188888888888883, 11.783838383838384 ], [ 75.825252525252523, 11.78888888888889 ], [ 76.128282828282821, 11.78888888888889 ], [ 76.173737373737367, 11.78888888888889 ], [ 75.8, 11.793939393939395 ], [ 76.057575757575748, 11.819191919191919 ], [ 76.077777777777769, 11.819191919191919 ], [ 76.042424242424246, 11.824242424242424 ], [ 76.092929292929284, 11.824242424242424 ], [ 76.037373737373741, 11.829292929292929 ], [ 76.097979797979789, 11.829292929292929 ], [ 76.249494949494945, 11.829292929292929 ], [ 76.25454545454545, 11.829292929292929 ], [ 75.87070707070707, 11.834343434343435 ], [ 75.906060606060606, 11.834343434343435 ], [ 76.032323232323236, 11.834343434343435 ], [ 76.103030303030295, 11.834343434343435 ], [ 76.229292929292924, 11.834343434343435 ], [ 76.274747474747471, 11.834343434343435 ], [ 75.865656565656565, 11.83939393939394 ], [ 75.916161616161617, 11.83939393939394 ], [ 76.027272727272731, 11.83939393939394 ], [ 76.1080808080808, 11.83939393939394 ], [ 76.224242424242419, 11.83939393939394 ], [ 76.284848484848482, 11.83939393939394 ], [ 75.855555555555554, 11.844444444444445 ], [ 75.921212121212122, 11.844444444444445 ], [ 76.022222222222226, 11.844444444444445 ], [ 76.1080808080808, 11.844444444444445 ], [ 76.219191919191914, 11.844444444444445 ], [ 76.289898989898987, 11.844444444444445 ], [ 75.855555555555554, 11.84949494949495 ], [ 75.926262626262627, 11.84949494949495 ], [ 76.017171717171721, 11.84949494949495 ], [ 76.113131313131305, 11.84949494949495 ], [ 76.214141414141409, 11.84949494949495 ], [ 76.294949494949492, 11.84949494949495 ], [ 75.850505050505049, 11.854545454545455 ], [ 75.931313131313132, 11.854545454545455 ], [ 76.012121212121215, 11.854545454545455 ], [ 76.113131313131305, 11.854545454545455 ], [ 76.209090909090904, 11.854545454545455 ], [ 75.845454545454544, 11.859595959595961 ], [ 75.936363636363637, 11.859595959595961 ], [ 76.012121212121215, 11.859595959595961 ], [ 76.11818181818181, 11.859595959595961 ], [ 76.204040404040398, 11.859595959595961 ], [ 75.845454545454544, 11.864646464646466 ], [ 75.941414141414143, 11.864646464646466 ], [ 76.00707070707071, 11.864646464646466 ], [ 76.11818181818181, 11.864646464646466 ], [ 76.204040404040398, 11.864646464646466 ], [ 75.840404040404039, 11.869696969696971 ], [ 75.951515151515153, 11.869696969696971 ], [ 75.9969696969697, 11.869696969696971 ], [ 76.11818181818181, 11.869696969696971 ], [ 76.198989898989893, 11.869696969696971 ], [ 75.840404040404039, 11.874747474747474 ], [ 75.961616161616163, 11.874747474747474 ], [ 75.986868686868689, 11.874747474747474 ], [ 76.123232323232315, 11.874747474747474 ], [ 76.198989898989893, 11.874747474747474 ], [ 75.840404040404039, 11.87979797979798 ], [ 76.123232323232315, 11.87979797979798 ], [ 76.193939393939388, 11.87979797979798 ], [ 75.845454545454544, 11.884848484848485 ], [ 76.11818181818181, 11.884848484848485 ], [ 76.193939393939388, 11.884848484848485 ], [ 75.855555555555554, 11.88989898989899 ], [ 76.113131313131305, 11.88989898989899 ], [ 76.198989898989893, 11.88989898989899 ], [ 75.906060606060606, 11.894949494949495 ], [ 76.072727272727263, 11.894949494949495 ], [ 76.209090909090904, 11.894949494949495 ], [ 75.926262626262627, 11.9 ], [ 76.037373737373741, 11.9 ], [ 76.269696969696966, 11.9 ] ] } },
{ "type": "Feature", "properties": { "elevation_m": 450.0 }, "geometry": { "type": "LineString", "coordinates": [ [ 75.850505050505049, 11.4 ], [ 75.936363636363637, 11.4 ], [ 76.017171717171721, 11.4 ], [ 76.113131313131305, 11.4 ], [ 76.209090909090904, 11.4 ], [ 75.850505050505049, 11.405050505050506 ], [ 75.941414141414143, 11.405050505050506 ], [ 76.012121212121215, 11.405050505050506 ], [ 76.113131313131305, 11.405050505050506 ], [ 76.204040404040398, 11.405050505050506 ], [ 75.845454545454544, 11.410101010101011 ], [ 75.946464646464648, 11.410101010101011 ], [ 76.00707070707071, 11.410101010101011 ], [ 76.11818181818181, 11.410101010101011 ], [ 76.198989898989893, 11.410101010101011 ], [ 75.840404040404039, 11.415151515151516 ], [ 75.956565656565658, 11.415151515151516 ], [ 75.9969696969697, 11.415151515151516 ], [ 76.11818181818181, 11.415151515151516 ], [ 76.193939393939388, 11.415151515151516 ], [ 75.835353535353534, 11.420202020202021 ], [ 76.123232323232315, 11.420202020202021 ], [ 76.188888888888883, 11.420202020202021 ], [ 75.830303030303028, 11.425252525252526 ], [ 76.128282828282821, 11.425252525252526 ], [ 76.183838383838378, 11.425252525252526 ], [ 75.815151515151513, 11.430303030303032 ], [ 76.138383838383831, 11.430303030303032 ], [ 76.168686868686862, 11.430303030303032 ], [ 76.052525252525243, 11.455555555555556 ], [ 76.103030303030295, 11.455555555555556 ], [ 75.855555555555554, 11.460606060606061 ], [ 75.906060606060606, 11.460606060606061 ], [ 76.037373737373741, 11.460606060606061 ], [ 76.113131313131305, 11.460606060606061 ], [ 76.239393939393935, 11.460606060606061 ], [ 76.249494949494945, 11.460606060606061 ], [ 75.845454545454544, 11.465656565656566 ], [ 75.916161616161617, 11.465656565656566 ], [ 76.027272727272731, 11.465656565656566 ], [ 76.11818181818181, 11.465656565656566 ], [ 76.219191919191914, 11.465656565656566 ], [ 76.274747474747471, 11.465656565656566 ], [ 75.840404040404039, 11.470707070707071 ], [ 75.926262626262627, 11.470707070707071 ], [ 76.022222222222226, 11.470707070707071 ], [ 76.123232323232315, 11.470707070707071 ], [ 76.209090909090904, 11.470707070707071 ], [ 76.284848484848482, 11.470707070707071 ], [ 75.835353535353534, 11.475757575757576 ], [ 75.931313131313132, 11.475757575757576 ], [ 76.017171717171721, 11.475757575757576 ], [ 76.123232323232315, 11.475757575757576 ], [ 76.204040404040398, 11.475757575757576 ], [ 76.289898989898987, 11.475757575757576 ], [ 75.835353535353534, 11.480808080808082 ], [ 75.931313131313132, 11.480808080808082 ], [ 76.017171717171721, 11.480808080808082 ], [ 76.128282828282821, 11.480808080808082 ], [ 76.198989898989893, 11.480808080808082 ], [ 76.294949494949492, 11.480808080808082 ], [ 75.830303030303028, 11.485858585858587 ], [ 75.936363636363637, 11.485858585858587 ], [ 76.012121212121215, 11.485858585858587 ], [ 76.128282828282821, 11.485858585858587 ], [ 76.198989898989893, 11.485858585858587 ], [ 75.830303030303028, 11.490909090909092 ], [ 75.936363636363637, 11.490909090909092 ], [ 76.012121212121215, 11.490909090909092 ], [ 76.128282828282821, 11.490909090909092 ], [ 76.198989898989893, 11.490909090909092 ], [ 75.830303030303028, 11.495959595959595 ], [ 75.941414141414143, 11.495959595959595 ], [ 76.00707070707071, 11.495959595959595 ], [ 76.133333333333326, 11.495959595959595 ], [ 76.198989898989893, 11.495959595959595 ], [ 75.830303030303028, 11.501010101010101 ], [ 75.941414141414143, 11.501010101010101 ], [ 76.00707070707071, 11.501010101010101 ], [ 76.133333333333326, 11.501010101010101 ], [ 76.198989898989893, 11.501010101010101 ], [ 75.830303030303028, 11.506060606060606 ], [ 75.941414141414143, 11.506060606060606 ], [ 76.00707070707071, 11.506060606060606 ], [ 76.128282828282821, 11.506060606060606 ], [ 76.198989898989893, 11.506060606060606 ], [ 75.835353535353534, 11.511111111111111 ], [ 75.941414141414143, 11.511111111111111 ], [ 76.002020202020205, 11.511111111111111 ], [ 76.128282828282821, 11.511111111111111 ], [ 76.198989898989893, 11.511111111111111 ], [ 75.840404040404039, 11.516161616161616 ], [ 75.936363636363637, 11.516161616161616 ], [ 76.002020202020205, 11.516161616161616 ], [ 76.128282828282821, 11.516161616161616 ], [ 76.204040404040398, 11.516161616161616 ], [ 75.850505050505049, 11.521212121212121 ], [ 75.931313131313132, 11.521212121212121 ], [ 76.002020202020205, 11.521212121212121 ], [ 76.123232323232315, 11.521212121212121 ], [ 76.214141414141409, 11.521212121212121 ], [ 76.002020202020205, 11.526262626262627 ], [ 76.113131313131305, 11.526262626262627 ], [ 76.23434343434343, 11.526262626262627 ], [ 76.00707070707071, 11.531313131313132 ], [ 76.097979797979789, 11.531313131313132 ], [ 75.986868686868689, 11.541414141414142 ], [ 75.9969696969697, 11.541414141414142 ], [ 75.971717171717174, 11.546464646464647 ], [ 76.002020202020205, 11.546464646464647 ], [ 75.961616161616163, 11.551515151515153 ], [ 76.00707070707071, 11.551515151515153 ], [ 75.956565656565658, 11.556565656565656 ], [ 76.00707070707071, 11.556565656565656 ], [ 75.8, 11.561616161616161 ], [ 75.956565656565658, 11.561616161616161 ], [ 76.00707070707071, 11.561616161616161 ], [ 75.810101010101008, 11.566666666666666 ], [ 75.951515151515153, 11.566666666666666 ], [ 76.012121212121215, 11.566666666666666 ], [ 75.815151515151513, 11.571717171717172 ], [ 75.946464646464648, 11.571717171717172 ], [ 76.012121212121215, 11.571717171717172 ], [ 76.143434343434336, 11.571717171717172 ], [ 76.173737373737367, 11.571717171717172 ], [ 75.820202020202018, 11.576767676767677 ], [ 75.946464646464648, 11.576767676767677 ], [ 76.017171717171721, 11.576767676767677 ], [ 76.138383838383831, 11.576767676767677 ], [ 76.178787878787873, 11.576767676767677 ], [ 75.825252525252523, 11.581818181818182 ], [ 75.941414141414143, 11.581818181818182 ], [ 76.017171717171721, 11.581818181818182 ], [ 76.133333333333326, 11.581818181818182 ], [ 76.183838383838378, 11.581818181818182 ], [ 76.294949494949492, 11.581818181818182 ], [ 75.830303030303028, 11.586868686868687 ], [ 75.936363636363637, 11.586868686868687 ], [ 76.022222222222226, 11.586868686868687 ], [ 76.128282828282821, 11.586868686868687 ], [ 76.188888888888883, 11.586868686868687 ], [ 76.294949494949492, 11.586868686868687 ], [ 75.830303030303028, 11.591919191919192 ], [ 75.931313131313132, 11.591919191919192 ], [ 76.027272727272731, 11.591919191919192 ], [ 76.128282828282821, 11.591919191919192 ], [ 76.198989898989893, 11.591919191919192 ], [ 76.289898989898987, 11.591919191919192 ], [ 75.835353535353534, 11.596969696969698 ], [ 75.926262626262627, 11.596969696969698 ], [ 76.027272727272731, 11.596969696969698 ], [ 76.123232323232315, 11.596969696969698 ], [ 76.204040404040398, 11.596969696969698 ], [ 76.284848484848482, 11.596969696969698 ], [ 75.840404040404039, 11.602020202020203 ], [ 75.921212121212122, 11.602020202020203 ], [ 76.032323232323236, 11.602020202020203 ], [ 76.11818181818181, 11.602020202020203 ], [ 76.209090909090904, 11.602020202020203 ], [ 76.274747474747471, 11.602020202020203 ], [ 75.850505050505049, 11.607070707070708 ], [ 75.911111111111111, 11.607070707070708 ], [ 76.037373737373741, 11.607070707070708 ], [ 76.113131313131305, 11.607070707070708 ], [ 76.229292929292924, 11.607070707070708 ], [ 76.259595959595956, 11.607070707070708 ], [ 75.87070707070707, 11.612121212121213 ], [ 75.885858585858585, 11.612121212121213 ], [ 76.047474747474752, 11.612121212121213 ], [ 76.1080808080808, 11.612121212121213 ], [ 76.067676767676758, 11.617171717171718 ], [ 76.092929292929284, 11.617171717171718 ], [ 75.820202020202018, 11.632323232323232 ], [ 76.143434343434336, 11.632323232323232 ], [ 76.148484848484841, 11.632323232323232 ], [ 75.830303030303028, 11.637373737373737 ], [ 76.11818181818181, 11.637373737373737 ], [ 76.178787878787873, 11.637373737373737 ], [ 75.835353535353534, 11.642424242424243 ], [ 75.956565656565658, 11.642424242424243 ], [ 76.017171717171721, 11.642424242424243 ], [ 76.113131313131305, 11.642424242424243 ], [ 76.183838383838378, 11.642424242424243 ], [ 75.840404040404039, 11.647474747474748 ], [ 75.946464646464648, 11.647474747474748 ], [ 76.027272727272731, 11.647474747474748 ], [ 76.1080808080808, 11.647474747474748 ], [ 76.193939393939388, 11.647474747474748 ], [ 75.845454545454544, 11.652525252525253 ], [ 75.941414141414143, 11.652525252525253 ], [ 76.032323232323236, 11.652525252525253 ], [ 76.103030303030295, 11.652525252525253 ], [ 76.198989898989893, 11.652525252525253 ], [ 76.294949494949492, 11.652525252525253 ], [ 75.845454545454544, 11.657575757575758 ], [ 75.936363636363637, 11.657575757575758 ], [ 76.037373737373741, 11.657575757575758 ], [ 76.103030303030295, 11.657575757575758 ], [ 76.204040404040398, 11.657575757575758 ], [ 76.289898989898987, 11.657575757575758 ], [ 75.850505050505049, 11.662626262626263 ], [ 75.931313131313132, 11.662626262626263 ], [ 76.042424242424246, 11.662626262626263 ], [ 76.097979797979789, 11.662626262626263 ], [ 76.204040404040398, 11.662626262626263 ], [ 76.284848484848482, 11.662626262626263 ], [ 75.850505050505049, 11.667676767676769 ], [ 75.926262626262627, 11.667676767676769 ], [ 76.047474747474752, 11.667676767676769 ], [ 76.092929292929284, 11.667676767676769 ], [ 76.209090909090904, 11.667676767676769 ], [ 76.284848484848482, 11.667676767676769 ], [ 75.855555555555554, 11.672727272727274 ], [ 75.926262626262627, 11.672727272727274 ], [ 76.052525252525243, 11.672727272727274 ], [ 76.087878787878779, 11.672727272727274 ], [ 76.209090909090904, 11.672727272727274 ], [ 76.279797979797976, 11.672727272727274 ], [ 75.855555555555554, 11.677777777777779 ], [ 75.921212121212122, 11.677777777777779 ], [ 76.057575757575748, 11.677777777777779 ], [ 76.082828282828274, 11.677777777777779 ], [ 76.214141414141409, 11.677777777777779 ], [ 76.274747474747471, 11.677777777777779 ], [ 75.860606060606059, 11.682828282828282 ], [ 75.921212121212122, 11.682828282828282 ], [ 76.219191919191914, 11.682828282828282 ], [ 76.269696969696966, 11.682828282828282 ], [ 75.860606060606059, 11.687878787878788 ], [ 75.916161616161617, 11.687878787878788 ], [ 76.219191919191914, 11.687878787878788 ], [ 76.264646464646461, 11.687878787878788 ], [ 75.860606060606059, 11.692929292929293 ], [ 75.911111111111111, 11.692929292929293 ], [ 76.224242424242419, 11.692929292929293 ], [ 76.259595959595956, 11.692929292929293 ], [ 75.865656565656565, 11.697979797979798 ], [ 75.911111111111111, 11.697979797979798 ], [ 76.229292929292924, 11.697979797979798 ], [ 76.25454545454545, 11.697979797979798 ], [ 75.865656565656565, 11.703030303030303 ], [ 75.906060606060606, 11.703030303030303 ], [ 75.860606060606059, 11.708080808080808 ], [ 75.901010101010101, 11.708080808080808 ], [ 75.840404040404039, 11.713131313131314 ], [ 75.88080808080808, 11.713131313131314 ], [ 76.168686868686862, 11.713131313131314 ], [ 76.178787878787873, 11.713131313131314 ], [ 75.87070707070707, 11.718181818181819 ], [ 76.113131313131305, 11.718181818181819 ], [ 76.214141414141409, 11.718181818181819 ], [ 75.87070707070707, 11.723232323232324 ], [ 75.936363636363637, 11.723232323232324 ], [ 76.002020202020205, 11.723232323232324 ], [ 76.103030303030295, 11.723232323232324 ], [ 76.214141414141409, 11.723232323232324 ], [ 75.87070707070707, 11.728282828282829 ], [ 75.926262626262627, 11.728282828282829 ], [ 76.017171717171721, 11.728282828282829 ], [ 76.097979797979789, 11.728282828282829 ], [ 76.219191919191914, 11.728282828282829 ], [ 75.87070707070707, 11.733333333333334 ], [ 75.926262626262627, 11.733333333333334 ], [ 76.027272727272731, 11.733333333333334 ], [ 76.092929292929284, 11.733333333333334 ], [ 76.219191919191914, 11.733333333333334 ], [ 76.294949494949492, 11.733333333333334 ], [ 75.865656565656565, 11.738383838383839 ], [ 75.921212121212122, 11.738383838383839 ], [ 76.032323232323236, 11.738383838383839 ], [ 76.092929292929284, 11.738383838383839 ], [ 76.219191919191914, 11.738383838383839 ], [ 76.289898989898987, 11.738383838383839 ], [ 75.865656565656565, 11.743434343434345 ], [ 75.921212121212122, 11.743434343434345 ], [ 76.032323232323236, 11.743434343434345 ], [ 76.092929292929284, 11.743434343434345 ], [ 76.219191919191914, 11.743434343434345 ], [ 76.289898989898987, 11.743434343434345 ], [ 75.865656565656565, 11.748484848484848 ], [ 75.926262626262627, 11.748484848484848 ], [ 76.032323232323236, 11.748484848484848 ], [ 76.092929292929284, 11.748484848484848 ], [ 76.219191919191914, 11.748484848484848 ], [ 76.289898989898987, 11.748484848484848 ], [ 75.860606060606059, 11.753535353535353 ], [ 75.926262626262627, 11.753535353535353 ], [ 76.032323232323236, 11.753535353535353 ], [ 76.092929292929284, 11.753535353535353 ], [ 76.214141414141409, 11.753535353535353 ], [ 76.289898989898987, 11.753535353535353 ], [ 75.860606060606059, 11.758585858585858 ], [ 75.926262626262627, 11.758585858585858 ], [ 76.032323232323236, 11.758585858585858 ], [ 76.092929292929284, 11.758585858585858 ], [ 76.214141414141409, 11.758585858585858 ], [ 76.289898989898987, 11.758585858585858 ], [ 75.855555555555554, 11.763636363636364 ], [ 75.931313131313132, 11.763636363636364 ], [ 76.032323232323236, 11.763636363636364 ], [ 76.097979797979789, 11.763636363636364 ], [ 76.209090909090904, 11.763636363636364 ], [ 76.289898989898987, 11.763636363636364 ], [ 75.855555555555554, 11.768686868686869 ], [ 75.936363636363637, 11.768686868686869 ], [ 76.027272727272731, 11.768686868686869 ], [ 76.097979797979789, 11.768686868686869 ], [ 76.209090909090904, 11.768686868686869 ], [ 76.294949494949492, 11.768686868686869 ], [ 75.850505050505049, 11.773737373737374 ], [ 75.941414141414143, 11.773737373737374 ], [ 76.027272727272731, 11.773737373737374 ], [ 76.103030303030295, 11.773737373737374 ], [ 76.204040404040398, 11.773737373737374 ], [ 75.845454545454544, 11.778787878787879 ], [ 75.946464646464648, 11.778787878787879 ], [ 76.022222222222226, 11.778787878787879 ], [ 76.103030303030295, 11.778787878787879 ], [ 76.198989898989893, 11.778787878787879 ], [ 75.840404040404039, 11.783838383838384 ], [ 75.956565656565658, 11.783838383838384 ], [ 76.012121212121215, 11.783838383838384 ], [ 76.113131313131305, 11.783838383838384 ], [ 76.193939393939388, 11.783838383838384 ], [ 75.835353535353534, 11.78888888888889 ], [ 76.11818181818181, 11.78888888888889 ], [ 76.178787878787873, 11.78888888888889 ], [ 75.815151515151513, 11.793939393939395 ], [ 76.047474747474752, 11.819191919191919 ], [ 76.087878787878779, 11.819191919191919 ], [ 76.037373737373741, 11.824242424242424 ], [ 76.097979797979789, 11.824242424242424 ], [ 75.875757575757575, 11.829292929292929 ], [ 75.901010101010101, 11.829292929292929 ], [ 76.032323232323236, 11.829292929292929 ], [ 76.103030303030295, 11.829292929292929 ], [ 76.23434343434343, 11.829292929292929 ], [ 76.269696969696966, 11.829292929292929 ], [ 75.865656565656565, 11.834343434343435 ], [ 75.911111111111111, 11.834343434343435 ], [ 76.027272727272731, 11.834343434343435 ], [ 76.1080808080808, 11.834343434343435 ], [ 76.224242424242419, 11.834343434343435 ], [ 76.279797979797976, 11.834343434343435 ], [ 75.860606060606059, 11.83939393939394 ], [ 75.921212121212122, 11.83939393939394 ], [ 76.022222222222226, 11.83939393939394 ], [ 76.1080808080808, 11.83939393939394 ], [ 76.219191919191914, 11.83939393939394 ], [ 76.289898989898987, 11.83939393939394 ], [ 75.855555555555554, 11.844444444444445 ], [ 75.926262626262627, 11.844444444444445 ], [ 76.017171717171721, 11.844444444444445 ], [ 76.113131313131305, 11.844444444444445 ], [ 76.214141414141409, 11.844444444444445 ], [ 76.294949494949492, 11.844444444444445 ], [ 75.850505050505049, 11.84949494949495 ], [ 75.931313131313132, 11.84949494949495 ], [ 76.017171717171721, 11.84949494949495 ], [ 76.113131313131305, 11.84949494949495 ], [ 76.209090909090904, 11.84949494949495 ], [ 75.845454545454544, 11.854545454545455 ], [ 75.936363636363637, 11.854545454545455 ], [ 76.012121212121215, 11.854545454545455 ], [ 76.11818181818181, 11.854545454545455 ], [ 76.204040404040398, 11.854545454545455 ], [ 75.845454545454544, 11.859595959595961 ], [ 75.941414141414143, 11.859595959595961 ], [ 76.00707070707071, 11.859595959595961 ], [ 76.11818181818181, 11.859595959595961 ], [ 76.204040404040398, 11.859595959595961 ], [ 75.840404040404039, 11.864646464646466 ], [ 75.946464646464648, 11.864646464646466 ], [ 76.002020202020205, 11.864646464646466 ], [ 76.123232323232315, 11.864646464646466 ], [ 76.198989898989893, 11.864646464646466 ], [ 75.835353535353534, 11.869696969696971 ], [ 75.956565656565658, 11.869696969696971 ], [ 75.991919191919195, 11.869696969696971 ], [ 76.123232323232315, 11.869696969696971 ], [ 76.193939393939388, 11.869696969696971 ], [ 75.835353535353534, 11.874747474747474 ], [ 76.128282828282821, 11.874747474747474 ], [ 76.193939393939388, 11.874747474747474 ], [ 75.835353535353534, 11.87979797979798 ], [ 76.128282828282821, 11.87979797979798 ], [ 76.188888888888883, 11.87979797979798 ], [ 75.830303030303028, 11.884848484848485 ], [ 76.128282828282821, 11.884848484848485 ], [ 76.183838383838378, 11.884848484848485 ], [ 75.835353535353534, 11.88989898989899 ], [ 76.128282828282821, 11.88989898989899 ], [ 76.178787878787873, 11.88989898989899 ], [ 75.815151515151513, 11.894949494949495 ], [ 75.885858585858585, 11.894949494949495 ], [ 76.103030303030295, 11.894949494949495 ], [ 76.158585858585852, 11.894949494949495 ], [ 75.815151515151513, 11.9 ], [ 75.916161616161617, 11.9 ], [ 76.047474747474752, 11.9 ], [ 76.143434343434336, 11.9 ], [ 76.198989898989893, 11.9 ], [ 76.25454545454545, 11.9 ] ] } },
{ "type": "Feature", "properties": { "elevation_m": 500.0 }, "geometry": { "type": "LineString", "coordinates": [ [ 75.855555555555554, 11.4 ], [ 75.931313131313132, 11.4 ], [ 76.017171717171721, 11.4 ], [ 76.1080808080808, 11.4 ], [ 76.214141414141409, 11.4 ], [ 76.294949494949492, 11.4 ], [ 75.850505050505049, 11.405050505050506 ], [ 75.936363636363637, 11.405050505050506 ], [ 76.017171717171721, 11.405050505050506 ], [ 76.113131313131305, 11.405050505050506 ], [ 76.209090909090904, 11.405050505050506 ], [ 75.845454545454544, 11.410101010101011 ], [ 75.941414141414143, 11.410101010101011 ], [ 76.012121212121215, 11.410101010101011 ], [ 76.113131313131305, 11.410101010101011 ], [ 76.204040404040398, 11.410101010101011 ], [ 75.845454545454544, 11.415151515151516 ], [ 75.951515151515153, 11.415151515151516 ], [ 76.002020202020205, 11.415151515151516 ], [ 76.11818181818181, 11.415151515151516 ], [ 76.198989898989893, 11.415151515151516 ], [ 75.840404040404039, 11.420202020202021 ], [ 75.961616161616163, 11.420202020202021 ], [ 75.991919191919195, 11.420202020202021 ], [ 76.11818181818181, 11.420202020202021 ], [ 76.193939393939388, 11.420202020202021 ], [ 75.835353535353534, 11.425252525252526 ], [ 76.123232323232315, 11.425252525252526 ], [ 76.188888888888883, 11.425252525252526 ], [ 75.825252525252523, 11.430303030303032 ], [ 76.133333333333326, 11.430303030303032 ], [ 76.178787878787873, 11.430303030303032 ], [ 75.8, 11.435353535353535 ], [ 75.810101010101008, 11.435353535353535 ], [ 75.860606060606059, 11.455555555555556 ], [ 75.895959595959596, 11.455555555555556 ], [ 76.042424242424246, 11.455555555555556 ], [ 76.113131313131305, 11.455555555555556 ], [ 75.845454545454544, 11.460606060606061 ], [ 75.911111111111111, 11.460606060606061 ], [ 76.032323232323236, 11.460606060606061 ], [ 76.11818181818181, 11.460606060606061 ], [ 76.224242424242419, 11.460606060606061 ], [ 76.264646464646461, 11.460606060606061 ], [ 75.840404040404039, 11.465656565656566 ], [ 75.921212121212122, 11.465656565656566 ], [ 76.027272727272731, 11.465656565656566 ], [ 76.123232323232315, 11.465656565656566 ], [ 76.209090909090904, 11.465656565656566 ], [ 76.279797979797976, 11.465656565656566 ], [ 75.835353535353534, 11.470707070707071 ], [ 75.931313131313132, 11.470707070707071 ], [ 76.022222222222226, 11.470707070707071 ], [ 76.128282828282821, 11.470707070707071 ], [ 76.204040404040398, 11.470707070707071 ], [ 76.289898989898987, 11.470707070707071 ], [ 75.830303030303028, 11.475757575757576 ], [ 75.931313131313132, 11.475757575757576 ], [ 76.017171717171721, 11.475757575757576 ], [ 76.128282828282821, 11.475757575757576 ], [ 76.198989898989893, 11.475757575757576 ], [ 76.294949494949492, 11.475757575757576 ], [ 75.830303030303028, 11.480808080808082 ], [ 75.936363636363637, 11.480808080808082 ], [ 76.012121212121215, 11.480808080808082 ], [ 76.128282828282821, 11.480808080808082 ], [ 76.198989898989893, 11.480808080808082 ], [ 75.825252525252523, 11.485858585858587 ], [ 75.941414141414143, 11.485858585858587 ], [ 76.012121212121215, 11.485858585858587 ], [ 76.133333333333326, 11.485858585858587 ], [ 76.193939393939388, 11.485858585858587 ], [ 75.825252525252523, 11.490909090909092 ], [ 75.941414141414143, 11.490909090909092 ], [ 76.00707070707071, 11.490909090909092 ], [ 76.133333333333326, 11.490909090909092 ], [ 76.193939393939388, 11.490909090909092 ], [ 75.825252525252523, 11.495959595959595 ], [ 75.946464646464648, 11.495959595959595 ], [ 76.00707070707071, 11.495959595959595 ], [ 76.133333333333326, 11.495959595959595 ], [ 76.193939393939388, 11.495959595959595 ], [ 75.825252525252523, 11.501010101010101 ], [ 75.946464646464648, 11.501010101010101 ], [ 76.002020202020205, 11.501010101010101 ], [ 76.133333333333326, 11.501010101010101 ], [ 76.193939393939388, 11.501010101010101 ], [ 75.825252525252523, 11.506060606060606 ], [ 75.946464646464648, 11.506060606060606 ], [ 76.002020202020205, 11.506060606060606 ], [ 76.133333333333326, 11.506060606060606 ], [ 76.193939393939388, 11.506060606060606 ], [ 75.825252525252523, 11.511111111111111 ], [ 75.946464646464648, 11.511111111111111 ], [ 75.9969696969697, 11.511111111111111 ], [ 76.133333333333326, 11.511111111111111 ], [ 76.193939393939388, 11.511111111111111 ], [ 75.830303030303028, 11.516161616161616 ], [ 75.941414141414143, 11.516161616161616 ], [ 75.9969696969697, 11.516161616161616 ], [ 76.133333333333326, 11.516161616161616 ], [ 76.198989898989893, 11.516161616161616 ], [ 75.840404040404039, 11.521212121212121 ], [ 75.941414141414143, 11.521212121212121 ], [ 75.9969696969697, 11.521212121212121 ], [ 76.128282828282821, 11.521212121212121 ], [ 76.204040404040398, 11.521212121212121 ], [ 75.860606060606059, 11.526262626262627 ], [ 75.921212121212122, 11.526262626262627 ], [ 75.991919191919195, 11.526262626262627 ], [ 76.123232323232315, 11.526262626262627 ], [ 76.219191919191914, 11.526262626262627 ], [ 75.986868686868689, 11.531313131313132 ], [ 76.1080808080808, 11.531313131313132 ], [ 76.269696969696966, 11.531313131313132 ], [ 75.976767676767679, 11.536363636363637 ], [ 76.052525252525243, 11.536363636363637 ], [ 75.966666666666669, 11.541414141414142 ], [ 76.017171717171721, 11.541414141414142 ], [ 75.961616161616163, 11.546464646464647 ], [ 76.012121212121215, 11.546464646464647 ], [ 75.956565656565658, 11.551515151515153 ], [ 76.012121212121215, 11.551515151515153 ], [ 75.805050505050502, 11.556565656565656 ], [ 75.951515151515153, 11.556565656565656 ], [ 76.012121212121215, 11.556565656565656 ], [ 75.810101010101008, 11.561616161616161 ], [ 75.951515151515153, 11.561616161616161 ], [ 76.012121212121215, 11.561616161616161 ], [ 75.815151515151513, 11.566666666666666 ], [ 75.946464646464648, 11.566666666666666 ], [ 76.017171717171721, 11.566666666666666 ], [ 76.143434343434336, 11.566666666666666 ], [ 76.173737373737367, 11.566666666666666 ], [ 75.820202020202018, 11.571717171717172 ], [ 75.946464646464648, 11.571717171717172 ], [ 76.017171717171721, 11.571717171717172 ], [ 76.138383838383831, 11.571717171717172 ], [ 76.178787878787873, 11.571717171717172 ], [ 75.825252525252523, 11.576767676767677 ], [ 75.941414141414143, 11.576767676767677 ], [ 76.017171717171721, 11.576767676767677 ], [ 76.133333333333326, 11.576767676767677 ], [ 76.183838383838378, 11.576767676767677 ], [ 76.294949494949492, 11.576767676767677 ], [ 75.830303030303028, 11.581818181818182 ], [ 75.936363636363637, 11.581818181818182 ], [ 76.022222222222226, 11.581818181818182 ], [ 76.128282828282821, 11.581818181818182 ], [ 76.188888888888883, 11.581818181818182 ], [ 76.294949494949492, 11.581818181818182 ], [ 75.830303030303028, 11.586868686868687 ], [ 75.936363636363637, 11.586868686868687 ], [ 76.022222222222226, 11.586868686868687 ], [ 76.128282828282821, 11.586868686868687 ], [ 76.193939393939388, 11.586868686868687 ], [ 76.289898989898987, 11.586868686868687 ], [ 75.835353535353534, 11.591919191919192 ], [ 75.931313131313132, 11.591919191919192 ], [ 76.027272727272731, 11.591919191919192 ], [ 76.123232323232315, 11.591919191919192 ], [ 76.198989898989893, 11.591919191919192 ], [ 76.284848484848482, 11.591919191919192 ], [ 75.840404040404039, 11.596969696969698 ], [ 75.926262626262627, 11.596969696969698 ], [ 76.032323232323236, 11.596969696969698 ], [ 76.11818181818181, 11.596969696969698 ], [ 76.209090909090904, 11.596969696969698 ], [ 76.279797979797976, 11.596969696969698 ], [ 75.845454545454544, 11.602020202020203 ], [ 75.916161616161617, 11.602020202020203 ], [ 76.037373737373741, 11.602020202020203 ], [ 76.113131313131305, 11.602020202020203 ], [ 76.219191919191914, 11.602020202020203 ], [ 76.269696969696966, 11.602020202020203 ], [ 75.855555555555554, 11.607070707070708 ], [ 75.906060606060606, 11.607070707070708 ], [ 76.042424242424246, 11.607070707070708 ], [ 76.1080808080808, 11.607070707070708 ], [ 76.057575757575748, 11.612121212121213 ], [ 76.097979797979789, 11.612121212121213 ], [ 75.805050505050502, 11.632323232323232 ], [ 75.825252525252523, 11.637373737373737 ], [ 76.128282828282821, 11.637373737373737 ], [ 76.168686868686862, 11.637373737373737 ], [ 75.830303030303028, 11.642424242424243 ], [ 75.966666666666669, 11.642424242424243 ], [ 76.00707070707071, 11.642424242424243 ], [ 76.11818181818181, 11.642424242424243 ], [ 76.178787878787873, 11.642424242424243 ], [ 75.835353535353534, 11.647474747474748 ], [ 75.951515151515153, 11.647474747474748 ], [ 76.017171717171721, 11.647474747474748 ], [ 76.113131313131305, 11.647474747474748 ], [ 76.188888888888883, 11.647474747474748 ], [ 75.840404040404039, 11.652525252525253 ], [ 75.946464646464648, 11.652525252525253 ], [ 76.027272727272731, 11.652525252525253 ], [ 76.1080808080808, 11.652525252525253 ], [ 76.193939393939388, 11.652525252525253 ], [ 75.845454545454544, 11.657575757575758 ], [ 75.941414141414143, 11.657575757575758 ], [ 76.032323232323236, 11.657575757575758 ], [ 76.1080808080808, 11.657575757575758 ], [ 76.198989898989893, 11.657575757575758 ], [ 76.294949494949492, 11.657575757575758 ], [ 75.845454545454544, 11.662626262626263 ], [ 75.936363636363637, 11.662626262626263 ], [ 76.037373737373741, 11.662626262626263 ], [ 76.103030303030295, 11.662626262626263 ], [ 76.204040404040398, 11.662626262626263 ], [ 76.289898989898987, 11.662626262626263 ], [ 75.850505050505049, 11.667676767676769 ], [ 75.931313131313132, 11.667676767676769 ], [ 76.042424242424246, 11.667676767676769 ], [ 76.097979797979789, 11.667676767676769 ], [ 76.204040404040398, 11.667676767676769 ], [ 76.284848484848482, 11.667676767676769 ], [ 75.850505050505049, 11.672727272727274 ], [ 75.926262626262627, 11.672727272727274 ], [ 76.047474747474752, 11.672727272727274 ], [ 76.092929292929284, 11.672727272727274 ], [ 76.209090909090904, 11.672727272727274 ], [ 76.279797979797976, 11.672727272727274 ], [ 75.855555555555554, 11.677777777777779 ], [ 75.926262626262627, 11.677777777777779 ], [ 76.052525252525243, 11.677777777777779 ], [ 76.092929292929284, 11.677777777777779 ], [ 76.209090909090904, 11.677777777777779 ], [ 76.279797979797976, 11.677777777777779 ], [ 75.855555555555554, 11.682828282828282 ], [ 75.921212121212122, 11.682828282828282 ], [ 76.057575757575748, 11.682828282828282 ], [ 76.087878787878779, 11.682828282828282 ], [ 76.214141414141409, 11.682828282828282 ], [ 76.274747474747471, 11.682828282828282 ], [ 75.855555555555554, 11.687878787878788 ], [ 75.921212121212122, 11.687878787878788 ], [ 76.067676767676758, 11.687878787878788 ], [ 76.077777777777769, 11.687878787878788 ], [ 76.214141414141409, 11.687878787878788 ], [ 76.269696969696966, 11.687878787878788 ], [ 75.855555555555554, 11.692929292929293 ], [ 75.916161616161617, 11.692929292929293 ], [ 76.219191919191914, 11.692929292929293 ], [ 76.269696969696966, 11.692929292929293 ], [ 75.855555555555554, 11.697979797979798 ], [ 75.916161616161617, 11.697979797979798 ], [ 76.219191919191914, 11.697979797979798 ], [ 76.264646464646461, 11.697979797979798 ], [ 75.855555555555554, 11.703030303030303 ], [ 75.916161616161617, 11.703030303030303 ], [ 76.219191919191914, 11.703030303030303 ], [ 76.25454545454545, 11.703030303030303 ], [ 75.845454545454544, 11.708080808080808 ], [ 75.911111111111111, 11.708080808080808 ], [ 76.219191919191914, 11.708080808080808 ], [ 76.23434343434343, 11.708080808080808 ], [ 75.810101010101008, 11.713131313131314 ], [ 75.911111111111111, 11.713131313131314 ], [ 76.11818181818181, 11.713131313131314 ], [ 76.224242424242419, 11.713131313131314 ], [ 75.901010101010101, 11.718181818181819 ], [ 76.097979797979789, 11.718181818181819 ], [ 76.224242424242419, 11.718181818181819 ], [ 75.885858585858585, 11.723232323232324 ], [ 75.916161616161617, 11.723232323232324 ], [ 76.012121212121215, 11.723232323232324 ], [ 76.092929292929284, 11.723232323232324 ], [ 76.224242424242419, 11.723232323232324 ], [ 75.88080808080808, 11.728282828282829 ], [ 75.916161616161617, 11.728282828282829 ], [ 76.027272727272731, 11.728282828282829 ], [ 76.092929292929284, 11.728282828282829 ], [ 76.224242424242419, 11.728282828282829 ], [ 76.289898989898987, 11.728282828282829 ], [ 75.875757575757575, 11.733333333333334 ], [ 75.916161616161617, 11.733333333333334 ], [ 76.032323232323236, 11.733333333333334 ], [ 76.087878787878779, 11.733333333333334 ], [ 76.224242424242419, 11.733333333333334 ], [ 76.284848484848482, 11.733333333333334 ], [ 75.875757575757575, 11.738383838383839 ], [ 75.916161616161617, 11.738383838383839 ], [ 76.037373737373741, 11.738383838383839 ], [ 76.087878787878779, 11.738383838383839 ], [ 76.224242424242419, 11.738383838383839 ], [ 76.284848484848482, 11.738383838383839 ], [ 75.87070707070707, 11.743434343434345 ], [ 75.916161616161617, 11.743434343434345 ], [ 76.037373737373741, 11.743434343434345 ], [ 76.087878787878779, 11.743434343434345 ], [ 76.224242424242419, 11.743434343434345 ], [ 76.284848484848482, 11.743434343434345 ], [ 75.87070707070707, 11.748484848484848 ], [ 75.921212121212122, 11.748484848484848 ], [ 76.037373737373741, 11.748484848484848 ], [ 76.087878787878779, 11.748484848484848 ], [ 76.219191919191914, 11.748484848484848 ], [ 76.284848484848482, 11.748484848484848 ], [ 75.865656565656565, 11.753535353535353 ], [ 75.921212121212122, 11.753535353535353 ], [ 76.037373737373741, 11.753535353535353 ], [ 76.087878787878779, 11.753535353535353 ], [ 76.219191919191914, 11.753535353535353 ], [ 76.284848484848482, 11.753535353535353 ], [ 75.865656565656565, 11.758585858585858 ], [ 75.926262626262627, 11.758585858585858 ], [ 76.037373737373741, 11.758585858585858 ], [ 76.092929292929284, 11.758585858585858 ], [ 76.214141414141409, 11.758585858585858 ], [ 76.284848484848482, 11.758585858585858 ], [ 75.860606060606059, 11.763636363636364 ], [ 75.926262626262627, 11.763636363636364 ], [ 76.037373737373741, 11.763636363636364 ], [ 76.092929292929284, 11.763636363636364 ], [ 76.214141414141409, 11.763636363636364 ], [ 76.289898989898987, 11.763636363636364 ], [ 75.860606060606059, 11.768686868686869 ], [ 75.931313131313132, 11.768686868686869 ], [ 76.032323232323236, 11.768686868686869 ], [ 76.092929292929284, 11.768686868686869 ], [ 76.209090909090904, 11.768686868686869 ], [ 76.289898989898987, 11.768686868686869 ], [ 75.855555555555554, 11.773737373737374 ], [ 75.936363636363637, 11.773737373737374 ], [ 76.032323232323236, 11.773737373737374 ], [ 76.097979797979789, 11.773737373737374 ], [ 76.209090909090904, 11.773737373737374 ], [ 76.294949494949492, 11.773737373737374 ], [ 75.850505050505049, 11.778787878787879 ], [ 75.941414141414143, 11.778787878787879 ], [ 76.027272727272731, 11.778787878787879 ], [ 76.103030303030295, 11.778787878787879 ], [ 76.204040404040398, 11.778787878787879 ], [ 75.845454545454544, 11.783838383838384 ], [ 75.951515151515153, 11.783838383838384 ], [ 76.022222222222226, 11.783838383838384 ], [ 76.103030303030295, 11.783838383838384 ], [ 76.193939393939388, 11.783838383838384 ], [ 75.840404040404039, 11.78888888888889 ], [ 75.966666666666669, 11.78888888888889 ], [ 76.00707070707071, 11.78888888888889 ], [ 76.113131313131305, 11.78888888888889 ], [ 76.183838383838378, 11.78888888888889 ], [ 75.825252525252523, 11.793939393939395 ], [ 76.128282828282821, 11.793939393939395 ], [ 76.163636363636357, 11.793939393939395 ], [ 76.052525252525243, 11.814141414141414 ], [ 76.087878787878779, 11.814141414141414 ], [ 76.042424242424246, 11.819191919191919 ], [ 76.097979797979789, 11.819191919191919 ], [ 76.032323232323236, 11.824242424242424 ], [ 76.103030303030295, 11.824242424242424 ], [ 75.87070707070707, 11.829292929292929 ], [ 75.906060606060606, 11.829292929292929 ], [ 76.027272727272731, 11.829292929292929 ], [ 76.103030303030295, 11.829292929292929 ], [ 76.229292929292924, 11.829292929292929 ], [ 76.274747474747471, 11.829292929292929 ], [ 75.860606060606059, 11.834343434343435 ], [ 75.916161616161617, 11.834343434343435 ], [ 76.022222222222226, 11.834343434343435 ], [ 76.1080808080808, 11.834343434343435 ], [ 76.219191919191914, 11.834343434343435 ], [ 76.284848484848482, 11.834343434343435 ], [ 75.855555555555554, 11.83939393939394 ], [ 75.926262626262627, 11.83939393939394 ], [ 76.022222222222226, 11.83939393939394 ], [ 76.113131313131305, 11.83939393939394 ], [ 76.214141414141409, 11.83939393939394 ], [ 76.289898989898987, 11.83939393939394 ], [ 75.850505050505049, 11.844444444444445 ], [ 75.931313131313132, 11.844444444444445 ], [ 76.017171717171721, 11.844444444444445 ], [ 76.113131313131305, 11.844444444444445 ], [ 76.209090909090904, 11.844444444444445 ], [ 76.294949494949492, 11.844444444444445 ], [ 75.845454545454544, 11.84949494949495 ], [ 75.936363636363637, 11.84949494949495 ], [ 76.012121212121215, 11.84949494949495 ], [ 76.11818181818181, 11.84949494949495 ], [ 76.204040404040398, 11.84949494949495 ], [ 75.840404040404039, 11.854545454545455 ], [ 75.941414141414143, 11.854545454545455 ], [ 76.00707070707071, 11.854545454545455 ], [ 76.11818181818181, 11.854545454545455 ], [ 76.204040404040398, 11.854545454545455 ], [ 75.840404040404039, 11.859595959595961 ], [ 75.946464646464648, 11.859595959595961 ], [ 76.002020202020205, 11.859595959595961 ], [ 76.123232323232315, 11.859595959595961 ], [ 76.198989898989893, 11.859595959595961 ], [ 75.835353535353534, 11.864646464646466 ], [ 75.956565656565658, 11.864646464646466 ], [ 75.9969696969697, 11.864646464646466 ], [ 76.123232323232315, 11.864646464646466 ], [ 76.193939393939388, 11.864646464646466 ], [ 75.830303030303028, 11.869696969696971 ], [ 76.128282828282821, 11.869696969696971 ], [ 76.193939393939388, 11.869696969696971 ], [ 75.830303030303028, 11.874747474747474 ], [ 76.133333333333326, 11.874747474747474 ], [ 76.188888888888883, 11.874747474747474 ], [ 75.825252525252523, 11.87979797979798 ], [ 76.133333333333326, 11.87979797979798 ], [ 76.183838383838378, 11.87979797979798 ], [ 76.143434343434336, 11.884848484848485 ], [ 76.173737373737367, 11.884848484848485 ], [ 75.835353535353534, 11.9 ], [ 75.906060606060606, 11.9 ], [ 76.057575757575748, 11.9 ], [ 76.123232323232315, 11.9 ] ] } },
{ "type": "Feature", "properties": { "elevation_m": 550.0 }, "geometry": { "type": "LineString", "coordinates": [ [ 75.860606060606059, 11.4 ], [ 75.926262626262627, 11.4 ], [ 76.022222222222226, 11.4 ], [ 76.103030303030295, 11.4 ], [ 76.214141414141409, 11.4 ], [ 76.294949494949492, 11.4 ], [ 75.855555555555554, 11.405050505050506 ], [ 75.931313131313132, 11.405050505050506 ], [ 76.017171717171721, 11.405050505050506 ], [ 76.1080808080808, 11.405050505050506 ], [ 76.209090909090904, 11.405050505050506 ], [ 75.850505050505049, 11.410101010101011 ], [ 75.936363636363637, 11.410101010101011 ], [ 76.012121212121215, 11.410101010101011 ], [ 76.113131313131305, 11.410101010101011 ], [ 76.209090909090904, 11.410101010101011 ], [ 75.845454545454544, 11.415151515151516 ], [ 75.946464646464648, 11.415151515151516 ], [ 76.00707070707071, 11.415151515151516 ], [ 76.113131313131305, 11.415151515151516 ], [ 76.204040404040398, 11.415151515151516 ], [ 75.845454545454544, 11.420202020202021 ], [ 75.956565656565658, 11.420202020202021 ], [ 76.002020202020205, 11.420202020202021 ], [ 76.11818181818181, 11.420202020202021 ], [ 76.198989898989893, 11.420202020202021 ], [ 75.840404040404039, 11.425252525252526 ], [ 76.11818181818181, 11.425252525252526 ], [ 76.193939393939388, 11.425252525252526 ], [ 75.835353535353534, 11.430303030303032 ], [ 76.123232323232315, 11.430303030303032 ], [ 76.183838383838378, 11.430303030303032 ], [ 75.825252525252523, 11.435353535353535 ], [ 76.133333333333326, 11.435353535353535 ], [ 76.173737373737367, 11.435353535353535 ], [ 76.057575757575748, 11.450505050505051 ], [ 76.1080808080808, 11.450505050505051 ], [ 75.845454545454544, 11.455555555555556 ], [ 75.906060606060606, 11.455555555555556 ], [ 76.037373737373741, 11.455555555555556 ], [ 76.11818181818181, 11.455555555555556 ], [ 75.840404040404039, 11.460606060606061 ], [ 75.921212121212122, 11.460606060606061 ], [ 76.027272727272731, 11.460606060606061 ], [ 76.123232323232315, 11.460606060606061 ], [ 76.214141414141409, 11.460606060606061 ], [ 76.274747474747471, 11.460606060606061 ], [ 75.835353535353534, 11.465656565656566 ], [ 75.926262626262627, 11.465656565656566 ], [ 76.022222222222226, 11.465656565656566 ], [ 76.128282828282821, 11.465656565656566 ], [ 76.204040404040398, 11.465656565656566 ], [ 76.284848484848482, 11.465656565656566 ], [ 75.830303030303028, 11.470707070707071 ], [ 75.931313131313132, 11.470707070707071 ], [ 76.017171717171721, 11.470707070707071 ], [ 76.128282828282821, 11.470707070707071 ], [ 76.198989898989893, 11.470707070707071 ], [ 76.294949494949492, 11.470707070707071 ], [ 75.825252525252523, 11.475757575757576 ], [ 75.936363636363637, 11.475757575757576 ], [ 76.012121212121215, 11.475757575757576 ], [ 76.133333333333326, 11.475757575757576 ], [ 76.193939393939388, 11.475757575757576 ], [ 75.825252525252523, 11.480808080808082 ], [ 75.941414141414143, 11.480808080808082 ], [ 76.00707070707071, 11.480808080808082 ], [ 76.133333333333326, 11.480808080808082 ], [ 76.193939393939388, 11.480808080808082 ], [ 75.820202020202018, 11.485858585858587 ], [ 75.941414141414143, 11.485858585858587 ], [ 76.00707070707071, 11.485858585858587 ], [ 76.138383838383831, 11.485858585858587 ], [ 76.188888888888883, 11.485858585858587 ], [ 75.820202020202018, 11.490909090909092 ], [ 75.946464646464648, 11.490909090909092 ], [ 76.002020202020205, 11.490909090909092 ], [ 76.138383838383831, 11.490909090909092 ], [ 76.188888888888883, 11.490909090909092 ], [ 75.820202020202018, 11.495959595959595 ], [ 75.946464646464648, 11.495959595959595 ], [ 76.002020202020205, 11.495959595959595 ], [ 76.138383838383831, 11.495959595959595 ], [ 76.188888888888883, 11.495959595959595 ], [ 75.815151515151513, 11.501010101010101 ], [ 75.951515151515153, 11.501010101010101 ], [ 75.9969696969697, 11.501010101010101 ], [ 76.138383838383831, 11.501010101010101 ], [ 76.188888888888883, 11.501010101010101 ], [ 75.815151515151513, 11.506060606060606 ], [ 75.951515151515153, 11.506060606060606 ], [ 75.9969696969697, 11.506060606060606 ], [ 76.138383838383831, 11.506060606060606 ], [ 76.188888888888883, 11.506060606060606 ], [ 75.820202020202018, 11.511111111111111 ], [ 75.951515151515153, 11.511111111111111 ], [ 75.991919191919195, 11.511111111111111 ], [ 76.138383838383831, 11.511111111111111 ], [ 76.188888888888883, 11.511111111111111 ], [ 75.820202020202018, 11.516161616161616 ], [ 75.951515151515153, 11.516161616161616 ], [ 75.991919191919195, 11.516161616161616 ], [ 76.138383838383831, 11.516161616161616 ], [ 76.193939393939388, 11.516161616161616 ], [ 75.825252525252523, 11.521212121212121 ], [ 75.951515151515153, 11.521212121212121 ], [ 75.986868686868689, 11.521212121212121 ], [ 76.133333333333326, 11.521212121212121 ], [ 76.198989898989893, 11.521212121212121 ], [ 75.840404040404039, 11.526262626262627 ], [ 75.946464646464648, 11.526262626262627 ], [ 75.976767676767679, 11.526262626262627 ], [ 76.133333333333326, 11.526262626262627 ], [ 76.209090909090904, 11.526262626262627 ], [ 75.961616161616163, 11.531313131313132 ], [ 76.123232323232315, 11.531313131313132 ], [ 76.239393939393935, 11.531313131313132 ], [ 75.8, 11.536363636363637 ], [ 75.956565656565658, 11.536363636363637 ], [ 76.082828282828274, 11.536363636363637 ], [ 76.284848484848482, 11.536363636363637 ], [ 75.8, 11.541414141414142 ], [ 75.956565656565658, 11.541414141414142 ], [ 76.032323232323236, 11.541414141414142 ], [ 76.294949494949492, 11.541414141414142 ], [ 75.805050505050502, 11.546464646464647 ], [ 75.951515151515153, 11.546464646464647 ], [ 76.022222222222226, 11.546464646464647 ], [ 75.810101010101008, 11.551515151515153 ], [ 75.951515151515153, 11.551515151515153 ], [ 76.017171717171721, 11.551515151515153 ], [ 75.815151515151513, 11.556565656565656 ], [ 75.951515151515153, 11.556565656565656 ], [ 76.017171717171721, 11.556565656565656 ], [ 76.148484848484841, 11.556565656565656 ], [ 76.163636363636357, 11.556565656565656 ], [ 75.820202020202018, 11.561616161616161 ], [ 75.946464646464648, 11.561616161616161 ], [ 76.017171717171721, 11.561616161616161 ], [ 76.143434343434336, 11.561616161616161 ], [ 76.173737373737367, 11.561616161616161 ], [ 75.820202020202018, 11.566666666666666 ], [ 75.946464646464648, 11.566666666666666 ], [ 76.017171717171721, 11.566666666666666 ], [ 76.138383838383831, 11.566666666666666 ], [ 76.178787878787873, 11.566666666666666 ], [ 75.825252525252523, 11.571717171717172 ], [ 75.941414141414143, 11.571717171717172 ], [ 76.022222222222226, 11.571717171717172 ], [ 76.133333333333326, 11.571717171717172 ], [ 76.183838383838378, 11.571717171717172 ], [ 76.294949494949492, 11.571717171717172 ], [ 75.830303030303028, 11.576767676767677 ], [ 75.936363636363637, 11.576767676767677 ], [ 76.022222222222226, 11.576767676767677 ], [ 76.128282828282821, 11.576767676767677 ], [ 76.188888888888883, 11.576767676767677 ], [ 76.294949494949492, 11.576767676767677 ], [ 75.830303030303028, 11.581818181818182 ], [ 75.936363636363637, 11.581818181818182 ], [ 76.022222222222226, 11.581818181818182 ], [ 76.128282828282821, 11.581818181818182 ], [ 76.193939393939388, 11.581818181818182 ], [ 76.289898989898987, 11.581818181818182 ], [ 75.835353535353534, 11.586868686868687 ], [ 75.931313131313132, 11.586868686868687 ], [ 76.027272727272731, 11.586868686868687 ], [ 76.123232323232315, 11.586868686868687 ], [ 76.198989898989893, 11.586868686868687 ], [ 76.284848484848482, 11.586868686868687 ], [ 75.840404040404039, 11.591919191919192 ], [ 75.926262626262627, 11.591919191919192 ], [ 76.032323232323236, 11.591919191919192 ], [ 76.11818181818181, 11.591919191919192 ], [ 76.204040404040398, 11.591919191919192 ], [ 76.279797979797976, 11.591919191919192 ], [ 75.845454545454544, 11.596969696969698 ], [ 75.921212121212122, 11.596969696969698 ], [ 76.037373737373741, 11.596969696969698 ], [ 76.113131313131305, 11.596969696969698 ], [ 76.214141414141409, 11.596969696969698 ], [ 76.274747474747471, 11.596969696969698 ], [ 75.850505050505049, 11.602020202020203 ], [ 75.911111111111111, 11.602020202020203 ], [ 76.042424242424246, 11.602020202020203 ], [ 76.1080808080808, 11.602020202020203 ], [ 76.224242424242419, 11.602020202020203 ], [ 76.264646464646461, 11.602020202020203 ], [ 75.865656565656565, 11.607070707070708 ], [ 75.895959595959596, 11.607070707070708 ], [ 76.047474747474752, 11.607070707070708 ], [ 76.103030303030295, 11.607070707070708 ], [ 76.072727272727263, 11.612121212121213 ], [ 76.082828282828274, 11.612121212121213 ], [ 75.815151515151513, 11.637373737373737 ], [ 75.825252525252523, 11.642424242424243 ], [ 75.976767676767679, 11.642424242424243 ], [ 75.9969696969697, 11.642424242424243 ], [ 76.128282828282821, 11.642424242424243 ], [ 76.173737373737367, 11.642424242424243 ], [ 75.835353535353534, 11.647474747474748 ], [ 75.956565656565658, 11.647474747474748 ], [ 76.012121212121215, 11.647474747474748 ], [ 76.11818181818181, 11.647474747474748 ], [ 76.183838383838378, 11.647474747474748 ], [ 75.840404040404039, 11.652525252525253 ], [ 75.946464646464648, 11.652525252525253 ], [ 76.022222222222226, 11.652525252525253 ], [ 76.113131313131305, 11.652525252525253 ], [ 76.188888888888883, 11.652525252525253 ], [ 75.840404040404039, 11.657575757575758 ], [ 75.941414141414143, 11.657575757575758 ], [ 76.027272727272731, 11.657575757575758 ], [ 76.1080808080808, 11.657575757575758 ], [ 76.193939393939388, 11.657575757575758 ], [ 76.294949494949492, 11.657575757575758 ], [ 75.845454545454544, 11.662626262626263 ], [ 75.936363636363637, 11.662626262626263 ], [ 76.032323232323236, 11.662626262626263 ], [ 76.1080808080808, 11.662626262626263 ], [ 76.198989898989893, 11.662626262626263 ], [ 76.289898989898987, 11.662626262626263 ], [ 75.845454545454544, 11.667676767676769 ], [ 75.936363636363637, 11.667676767676769 ], [ 76.037373737373741, 11.667676767676769 ], [ 76.103030303030295, 11.667676767676769 ], [ 76.204040404040398, 11.667676767676769 ], [ 76.289898989898987, 11.667676767676769 ], [ 75.850505050505049, 11.672727272727274 ], [ 75.931313131313132, 11.672727272727274 ], [ 76.042424242424246, 11.672727272727274 ], [ 76.097979797979789, 11.672727272727274 ], [ 76.204040404040398, 11.672727272727274 ], [ 76.284848484848482, 11.672727272727274 ], [ 75.850505050505049, 11.677777777777779 ], [ 75.926262626262627, 11.677777777777779 ], [ 76.047474747474752, 11.677777777777779 ], [ 76.097979797979789, 11.677777777777779 ], [ 76.209090909090904, 11.677777777777779 ], [ 76.279797979797976, 11.677777777777779 ], [ 75.850505050505049, 11.682828282828282 ], [ 75.926262626262627, 11.682828282828282 ], [ 76.052525252525243, 11.682828282828282 ], [ 76.092929292929284, 11.682828282828282 ], [ 76.209090909090904, 11.682828282828282 ], [ 76.279797979797976, 11.682828282828282 ], [ 75.850505050505049, 11.687878787878788 ], [ 75.926262626262627, 11.687878787878788 ], [ 76.057575757575748, 11.687878787878788 ], [ 76.087878787878779, 11.687878787878788 ], [ 76.209090909090904, 11.687878787878788 ], [ 76.274747474747471, 11.687878787878788 ], [ 75.850505050505049, 11.692929292929293 ], [ 75.921212121212122, 11.692929292929293 ], [ 76.062626262626253, 11.692929292929293 ], [ 76.087878787878779, 11.692929292929293 ], [ 76.209090909090904, 11.692929292929293 ], [ 76.274747474747471, 11.692929292929293 ], [ 75.850505050505049, 11.697979797979798 ], [ 75.921212121212122, 11.697979797979798 ], [ 76.209090909090904, 11.697979797979798 ], [ 76.269696969696966, 11.697979797979798 ], [ 75.845454545454544, 11.703030303030303 ], [ 75.921212121212122, 11.703030303030303 ], [ 76.209090909090904, 11.703030303030303 ], [ 76.264646464646461, 11.703030303030303 ], [ 75.835353535353534, 11.708080808080808 ], [ 75.921212121212122, 11.708080808080808 ], [ 76.188888888888883, 11.708080808080808 ], [ 76.259595959595956, 11.708080808080808 ], [ 75.931313131313132, 11.713131313131314 ], [ 76.092929292929284, 11.713131313131314 ], [ 76.249494949494945, 11.713131313131314 ], [ 75.991919191919195, 11.718181818181819 ], [ 76.087878787878779, 11.718181818181819 ], [ 76.239393939393935, 11.718181818181819 ], [ 76.027272727272731, 11.723232323232324 ], [ 76.087878787878779, 11.723232323232324 ], [ 76.23434343434343, 11.723232323232324 ], [ 76.289898989898987, 11.723232323232324 ], [ 76.037373737373741, 11.728282828282829 ], [ 76.082828282828274, 11.728282828282829 ], [ 76.229292929292924, 11.728282828282829 ], [ 76.284848484848482, 11.728282828282829 ], [ 75.885858585858585, 11.733333333333334 ], [ 75.906060606060606, 11.733333333333334 ], [ 76.042424242424246, 11.733333333333334 ], [ 76.082828282828274, 11.733333333333334 ], [ 76.229292929292924, 11.733333333333334 ], [ 76.279797979797976, 11.733333333333334 ], [ 75.88080808080808, 11.738383838383839 ], [ 75.911111111111111, 11.738383838383839 ], [ 76.042424242424246, 11.738383838383839 ], [ 76.082828282828274, 11.738383838383839 ], [ 76.229292929292924, 11.738383838383839 ], [ 76.279797979797976, 11.738383838383839 ], [ 75.875757575757575, 11.743434343434345 ], [ 75.911111111111111, 11.743434343434345 ], [ 76.042424242424246, 11.743434343434345 ], [ 76.082828282828274, 11.743434343434345 ], [ 76.224242424242419, 11.743434343434345 ], [ 76.279797979797976, 11.743434343434345 ], [ 75.875757575757575, 11.748484848484848 ], [ 75.916161616161617, 11.748484848484848 ], [ 76.042424242424246, 11.748484848484848 ], [ 76.082828282828274, 11.748484848484848 ], [ 76.224242424242419, 11.748484848484848 ], [ 76.279797979797976, 11.748484848484848 ], [ 75.87070707070707, 11.753535353535353 ], [ 75.916161616161617, 11.753535353535353 ], [ 76.042424242424246, 11.753535353535353 ], [ 76.087878787878779, 11.753535353535353 ], [ 76.224242424242419, 11.753535353535353 ], [ 76.279797979797976, 11.753535353535353 ], [ 75.865656565656565, 11.758585858585858 ], [ 75.921212121212122, 11.758585858585858 ], [ 76.042424242424246, 11.758585858585858 ], [ 76.087878787878779, 11.758585858585858 ], [ 76.219191919191914, 11.758585858585858 ], [ 76.284848484848482, 11.758585858585858 ], [ 75.865656565656565, 11.763636363636364 ], [ 75.926262626262627, 11.763636363636364 ], [ 76.042424242424246, 11.763636363636364 ], [ 76.087878787878779, 11.763636363636364 ], [ 76.219191919191914, 11.763636363636364 ], [ 76.284848484848482, 11.763636363636364 ], [ 75.860606060606059, 11.768686868686869 ], [ 75.926262626262627, 11.768686868686869 ], [ 76.037373737373741, 11.768686868686869 ], [ 76.092929292929284, 11.768686868686869 ], [ 76.214141414141409, 11.768686868686869 ], [ 76.289898989898987, 11.768686868686869 ], [ 75.855555555555554, 11.773737373737374 ], [ 75.931313131313132, 11.773737373737374 ], [ 76.037373737373741, 11.773737373737374 ], [ 76.092929292929284, 11.773737373737374 ], [ 76.209090909090904, 11.773737373737374 ], [ 76.289898989898987, 11.773737373737374 ], [ 75.855555555555554, 11.778787878787879 ], [ 75.936363636363637, 11.778787878787879 ], [ 76.032323232323236, 11.778787878787879 ], [ 76.097979797979789, 11.778787878787879 ], [ 76.204040404040398, 11.778787878787879 ], [ 76.294949494949492, 11.778787878787879 ], [ 75.850505050505049, 11.783838383838384 ], [ 75.946464646464648, 11.783838383838384 ], [ 76.027272727272731, 11.783838383838384 ], [ 76.097979797979789, 11.783838383838384 ], [ 76.198989898989893, 11.783838383838384 ], [ 75.845454545454544, 11.78888888888889 ], [ 75.956565656565658, 11.78888888888889 ], [ 76.017171717171721, 11.78888888888889 ], [ 76.103030303030295, 11.78888888888889 ], [ 76.193939393939388, 11.78888888888889 ], [ 75.835353535353534, 11.793939393939395 ], [ 76.113131313131305, 11.793939393939395 ], [ 76.173737373737367, 11.793939393939395 ], [ 75.810101010101008, 11.7989898989899 ], [ 76.057575757575748, 11.809090909090909 ], [ 76.082828282828274, 11.809090909090909 ], [ 76.042424242424246, 11.814141414141414 ], [ 76.097979797979789, 11.814141414141414 ], [ 76.032323232323236, 11.819191919191919 ], [ 76.103030303030295, 11.819191919191919 ], [ 75.875757575757575, 11.824242424242424 ], [ 75.901010101010101, 11.824242424242424 ], [ 76.027272727272731, 11.824242424242424 ], [ 76.103030303030295, 11.824242424242424 ], [ 76.23434343434343, 11.824242424242424 ], [ 76.269696969696966, 11.824242424242424 ], [ 75.860606060606059, 11.829292929292929 ], [ 75.916161616161617, 11.829292929292929 ], [ 76.027272727272731, 11.829292929292929 ], [ 76.1080808080808, 11.829292929292929 ], [ 76.224242424242419, 11.829292929292929 ], [ 76.279797979797976, 11.829292929292929 ], [ 75.855555555555554, 11.834343434343435 ], [ 75.921212121212122, 11.834343434343435 ], [ 76.022222222222226, 11.834343434343435 ], [ 76.113131313131305, 11.834343434343435 ], [ 76.219191919191914, 11.834343434343435 ], [ 76.289898989898987, 11.834343434343435 ], [ 75.850505050505049, 11.83939393939394 ], [ 75.926262626262627, 11.83939393939394 ], [ 76.017171717171721, 11.83939393939394 ], [ 76.113131313131305, 11.83939393939394 ], [ 76.214141414141409, 11.83939393939394 ], [ 76.294949494949492, 11.83939393939394 ], [ 75.845454545454544, 11.844444444444445 ], [ 75.936363636363637, 11.844444444444445 ], [ 76.012121212121215, 11.844444444444445 ], [ 76.11818181818181, 11.844444444444445 ], [ 76.209090909090904, 11.844444444444445 ], [ 75.840404040404039, 11.84949494949495 ], [ 75.941414141414143, 11.84949494949495 ], [ 76.00707070707071, 11.84949494949495 ], [ 76.11818181818181, 11.84949494949495 ], [ 76.204040404040398, 11.84949494949495 ], [ 75.840404040404039, 11.854545454545455 ], [ 75.946464646464648, 11.854545454545455 ], [ 76.002020202020205, 11.854545454545455 ], [ 76.123232323232315, 11.854545454545455 ], [ 76.198989898989893, 11.854545454545455 ], [ 75.835353535353534, 11.859595959595961 ], [ 75.951515151515153, 11.859595959595961 ], [ 75.9969696969697, 11.859595959595961 ], [ 76.128282828282821, 11.859595959595961 ], [ 76.193939393939388, 11.859595959595961 ], [ 75.830303030303028, 11.864646464646466 ], [ 75.961616161616163, 11.864646464646466 ], [ 75.986868686868689, 11.864646464646466 ], [ 76.128282828282821, 11.864646464646466 ], [ 76.193939393939388, 11.864646464646466 ], [ 75.825252525252523, 11.869696969696971 ], [ 76.133333333333326, 11.869696969696971 ], [ 76.188888888888883, 11.869696969696971 ], [ 75.820202020202018, 11.874747474747474 ], [ 76.138383838383831, 11.874747474747474 ], [ 76.183838383838378, 11.874747474747474 ], [ 76.143434343434336, 11.87979797979798 ], [ 76.173737373737367, 11.87979797979798 ], [ 75.850505050505049, 11.9 ], [ 75.895959595959596, 11.9 ], [ 76.072727272727263, 11.9 ], [ 76.097979797979789, 11.9 ] ] } },
{ "type": "Feature", "properties": { "elevation_m": 600.0 }, "geometry": { "type": "LineString", "coordinates": [ [ 75.860606060606059, 11.4 ], [ 75.921212121212122, 11.4 ], [ 76.027272727272731, 11.4 ], [ 76.103030303030295, 11.4 ], [ 76.219191919191914, 11.4 ], [ 76.289898989898987, 11.4 ], [ 75.860606060606059, 11.405050505050506 ], [ 75.926262626262627, 11.405050505050506 ], [ 76.022222222222226, 11.405050505050506 ], [ 76.103030303030295, 11.405050505050506 ], [ 76.214141414141409, 11.405050505050506 ], [ 76.294949494949492, 11.405050505050506 ], [ 75.855555555555554, 11.410101010101011 ], [ 75.936363636363637, 11.410101010101011 ], [ 76.017171717171721, 11.410101010101011 ], [ 76.1080808080808, 11.410101010101011 ], [ 76.209090909090904, 11.410101010101011 ], [ 75.850505050505049, 11.415151515151516 ], [ 75.941414141414143, 11.415151515151516 ], [ 76.012121212121215, 11.415151515151516 ], [ 76.1080808080808, 11.415151515151516 ], [ 76.204040404040398, 11.415151515151516 ], [ 75.845454545454544, 11.420202020202021 ], [ 75.946464646464648, 11.420202020202021 ], [ 76.00707070707071, 11.420202020202021 ], [ 76.113131313131305, 11.420202020202021 ], [ 76.204040404040398, 11.420202020202021 ], [ 75.845454545454544, 11.425252525252526 ], [ 75.961616161616163, 11.425252525252526 ], [ 75.9969696969697, 11.425252525252526 ], [ 76.113131313131305, 11.425252525252526 ], [ 76.198989898989893, 11.425252525252526 ], [ 75.840404040404039, 11.430303030303032 ], [ 76.11818181818181, 11.430303030303032 ], [ 76.193939393939388, 11.430303030303032 ], [ 75.835353535353534, 11.435353535353535 ], [ 76.123232323232315, 11.435353535353535 ], [ 76.183838383838378, 11.435353535353535 ], [ 75.830303030303028, 11.44040404040404 ], [ 76.123232323232315, 11.44040404040404 ], [ 76.168686868686862, 11.44040404040404 ], [ 75.845454545454544, 11.450505050505051 ], [ 75.890909090909091, 11.450505050505051 ], [ 76.047474747474752, 11.450505050505051 ], [ 76.123232323232315, 11.450505050505051 ], [ 75.835353535353534, 11.455555555555556 ], [ 75.916161616161617, 11.455555555555556 ], [ 76.032323232323236, 11.455555555555556 ], [ 76.128282828282821, 11.455555555555556 ], [ 76.219191919191914, 11.455555555555556 ], [ 76.264646464646461, 11.455555555555556 ], [ 75.830303030303028, 11.460606060606061 ], [ 75.926262626262627, 11.460606060606061 ], [ 76.022222222222226, 11.460606060606061 ], [ 76.128282828282821, 11.460606060606061 ], [ 76.204040404040398, 11.460606060606061 ], [ 76.284848484848482, 11.460606060606061 ], [ 75.825252525252523, 11.465656565656566 ], [ 75.931313131313132, 11.465656565656566 ], [ 76.017171717171721, 11.465656565656566 ], [ 76.133333333333326, 11.465656565656566 ], [ 76.198989898989893, 11.465656565656566 ], [ 76.289898989898987, 11.465656565656566 ], [ 75.825252525252523, 11.470707070707071 ], [ 75.936363636363637, 11.470707070707071 ], [ 76.012121212121215, 11.470707070707071 ], [ 76.133333333333326, 11.470707070707071 ], [ 76.193939393939388, 11.470707070707071 ], [ 75.820202020202018, 11.475757575757576 ], [ 75.941414141414143, 11.475757575757576 ], [ 76.00707070707071, 11.475757575757576 ], [ 76.138383838383831, 11.475757575757576 ], [ 76.193939393939388, 11.475757575757576 ], [ 75.820202020202018, 11.480808080808082 ], [ 75.946464646464648, 11.480808080808082 ], [ 76.00707070707071, 11.480808080808082 ], [ 76.138383838383831, 11.480808080808082 ], [ 76.188888888888883, 11.480808080808082 ], [ 75.815151515151513, 11.485858585858587 ], [ 75.946464646464648, 11.485858585858587 ], [ 76.002020202020205, 11.485858585858587 ], [ 76.138383838383831, 11.485858585858587 ], [ 76.188888888888883, 11.485858585858587 ], [ 75.815151515151513, 11.490909090909092 ], [ 75.951515151515153, 11.490909090909092 ], [ 76.002020202020205, 11.490909090909092 ], [ 76.143434343434336, 11.490909090909092 ], [ 76.183838383838378, 11.490909090909092 ], [ 75.810101010101008, 11.495959595959595 ], [ 75.951515151515153, 11.495959595959595 ], [ 75.9969696969697, 11.495959595959595 ], [ 76.143434343434336, 11.495959595959595 ], [ 76.183838383838378, 11.495959595959595 ], [ 75.956565656565658, 11.501010101010101 ], [ 75.991919191919195, 11.501010101010101 ], [ 76.143434343434336, 11.501010101010101 ], [ 76.183838383838378, 11.501010101010101 ], [ 75.956565656565658, 11.506060606060606 ], [ 75.991919191919195, 11.506060606060606 ], [ 76.143434343434336, 11.506060606060606 ], [ 76.183838383838378, 11.506060606060606 ], [ 75.961616161616163, 11.511111111111111 ], [ 75.986868686868689, 11.511111111111111 ], [ 76.143434343434336, 11.511111111111111 ], [ 76.183838383838378, 11.511111111111111 ], [ 75.966666666666669, 11.516161616161616 ], [ 75.976767676767679, 11.516161616161616 ], [ 76.143434343434336, 11.516161616161616 ], [ 76.188888888888883, 11.516161616161616 ], [ 76.143434343434336, 11.521212121212121 ], [ 76.188888888888883, 11.521212121212121 ], [ 76.138383838383831, 11.526262626262627 ], [ 76.198989898989893, 11.526262626262627 ], [ 75.825252525252523, 11.531313131313132 ], [ 75.875757575757575, 11.531313131313132 ], [ 76.138383838383831, 11.531313131313132 ], [ 76.219191919191914, 11.531313131313132 ], [ 75.815151515151513, 11.536363636363637 ], [ 75.941414141414143, 11.536363636363637 ], [ 76.123232323232315, 11.536363636363637 ], [ 76.269696969696966, 11.536363636363637 ], [ 75.815151515151513, 11.541414141414142 ], [ 75.946464646464648, 11.541414141414142 ], [ 76.042424242424246, 11.541414141414142 ], [ 76.289898989898987, 11.541414141414142 ], [ 75.815151515151513, 11.546464646464647 ], [ 75.946464646464648, 11.546464646464647 ], [ 76.027272727272731, 11.546464646464647 ], [ 76.294949494949492, 11.546464646464647 ], [ 75.820202020202018, 11.551515151515153 ], [ 75.946464646464648, 11.551515151515153 ], [ 76.022222222222226, 11.551515151515153 ], [ 76.143434343434336, 11.551515151515153 ], [ 76.168686868686862, 11.551515151515153 ], [ 76.294949494949492, 11.551515151515153 ], [ 75.820202020202018, 11.556565656565656 ], [ 75.946464646464648, 11.556565656565656 ], [ 76.022222222222226, 11.556565656565656 ], [ 76.138383838383831, 11.556565656565656 ], [ 76.173737373737367, 11.556565656565656 ], [ 76.294949494949492, 11.556565656565656 ], [ 75.825252525252523, 11.561616161616161 ], [ 75.941414141414143, 11.561616161616161 ], [ 76.022222222222226, 11.561616161616161 ], [ 76.133333333333326, 11.561616161616161 ], [ 76.178787878787873, 11.561616161616161 ], [ 76.294949494949492, 11.561616161616161 ], [ 75.825252525252523, 11.566666666666666 ], [ 75.941414141414143, 11.566666666666666 ], [ 76.022222222222226, 11.566666666666666 ], [ 76.133333333333326, 11.566666666666666 ], [ 76.183838383838378, 11.566666666666666 ], [ 76.294949494949492, 11.566666666666666 ], [ 75.830303030303028, 11.571717171717172 ], [ 75.936363636363637, 11.571717171717172 ], [ 76.022222222222226, 11.571717171717172 ], [ 76.128282828282821, 11.571717171717172 ], [ 76.188888888888883, 11.571717171717172 ], [ 76.294949494949492, 11.571717171717172 ], [ 75.830303030303028, 11.576767676767677 ], [ 75.936363636363637, 11.576767676767677 ], [ 76.027272727272731, 11.576767676767677 ], [ 76.128282828282821, 11.576767676767677 ], [ 76.193939393939388, 11.576767676767677 ], [ 76.289898989898987, 11.576767676767677 ], [ 75.835353535353534, 11.581818181818182 ], [ 75.931313131313132, 11.581818181818182 ], [ 76.027272727272731, 11.581818181818182 ], [ 76.123232323232315, 11.581818181818182 ], [ 76.198989898989893, 11.581818181818182 ], [ 76.289898989898987, 11.581818181818182 ], [ 75.840404040404039, 11.586868686868687 ], [ 75.926262626262627, 11.586868686868687 ], [ 76.032323232323236, 11.586868686868687 ], [ 76.11818181818181, 11.586868686868687 ], [ 76.204040404040398, 11.586868686868687 ], [ 76.284848484848482, 11.586868686868687 ], [ 75.845454545454544, 11.591919191919192 ], [ 75.921212121212122, 11.591919191919192 ], [ 76.032323232323236, 11.591919191919192 ], [ 76.113131313131305, 11.591919191919192 ], [ 76.209090909090904, 11.591919191919192 ], [ 76.279797979797976, 11.591919191919192 ], [ 75.850505050505049, 11.596969696969698 ], [ 75.916161616161617, 11.596969696969698 ], [ 76.037373737373741, 11.596969696969698 ], [ 76.1080808080808, 11.596969696969698 ], [ 76.219191919191914, 11.596969696969698 ], [ 76.269696969696966, 11.596969696969698 ], [ 75.860606060606059, 11.602020202020203 ], [ 75.906060606060606, 11.602020202020203 ], [ 76.047474747474752, 11.602020202020203 ], [ 76.103030303030295, 11.602020202020203 ], [ 76.239393939393935, 11.602020202020203 ], [ 76.249494949494945, 11.602020202020203 ], [ 76.057575757575748, 11.607070707070708 ], [ 76.092929292929284, 11.607070707070708 ], [ 75.805050505050502, 11.637373737373737 ], [ 75.820202020202018, 11.642424242424243 ], [ 76.133333333333326, 11.642424242424243 ], [ 76.168686868686862, 11.642424242424243 ], [ 75.830303030303028, 11.647474747474748 ], [ 75.961616161616163, 11.647474747474748 ], [ 76.00707070707071, 11.647474747474748 ], [ 76.123232323232315, 11.647474747474748 ], [ 76.178787878787873, 11.647474747474748 ], [ 75.835353535353534, 11.652525252525253 ], [ 75.951515151515153, 11.652525252525253 ], [ 76.017171717171721, 11.652525252525253 ], [ 76.11818181818181, 11.652525252525253 ], [ 76.188888888888883, 11.652525252525253 ], [ 75.840404040404039, 11.657575757575758 ], [ 75.946464646464648, 11.657575757575758 ], [ 76.022222222222226, 11.657575757575758 ], [ 76.113131313131305, 11.657575757575758 ], [ 76.193939393939388, 11.657575757575758 ], [ 75.840404040404039, 11.662626262626263 ], [ 75.941414141414143, 11.662626262626263 ], [ 76.027272727272731, 11.662626262626263 ], [ 76.1080808080808, 11.662626262626263 ], [ 76.193939393939388, 11.662626262626263 ], [ 76.294949494949492, 11.662626262626263 ], [ 75.845454545454544, 11.667676767676769 ], [ 75.936363636363637, 11.667676767676769 ], [ 76.032323232323236, 11.667676767676769 ], [ 76.1080808080808, 11.667676767676769 ], [ 76.198989898989893, 11.667676767676769 ], [ 76.289898989898987, 11.667676767676769 ], [ 75.845454545454544, 11.672727272727274 ], [ 75.936363636363637, 11.672727272727274 ], [ 76.037373737373741, 11.672727272727274 ], [ 76.103030303030295, 11.672727272727274 ], [ 76.204040404040398, 11.672727272727274 ], [ 76.289898989898987, 11.672727272727274 ], [ 75.845454545454544, 11.677777777777779 ], [ 75.931313131313132, 11.677777777777779 ], [ 76.042424242424246, 11.677777777777779 ], [ 76.103030303030295, 11.677777777777779 ], [ 76.204040404040398, 11.677777777777779 ], [ 76.284848484848482, 11.677777777777779 ], [ 75.850505050505049, 11.682828282828282 ], [ 75.931313131313132, 11.682828282828282 ], [ 76.042424242424246, 11.682828282828282 ], [ 76.097979797979789, 11.682828282828282 ], [ 76.204040404040398, 11.682828282828282 ], [ 76.279797979797976, 11.682828282828282 ], [ 75.850505050505049, 11.687878787878788 ], [ 75.926262626262627, 11.687878787878788 ], [ 76.047474747474752, 11.687878787878788 ], [ 76.097979797979789, 11.687878787878788 ], [ 76.204040404040398, 11.687878787878788 ], [ 76.279797979797976, 11.687878787878788 ], [ 75.850505050505049, 11.692929292929293 ], [ 75.926262626262627, 11.692929292929293 ], [ 76.052525252525243, 11.692929292929293 ], [ 76.097979797979789, 11.692929292929293 ], [ 76.204040404040398, 11.692929292929293 ], [ 76.279797979797976, 11.692929292929293 ], [ 75.845454545454544, 11.697979797979798 ], [ 75.926262626262627, 11.697979797979798 ], [ 76.057575757575748, 11.697979797979798 ], [ 76.097979797979789, 11.697979797979798 ], [ 76.204040404040398, 11.697979797979798 ], [ 76.274747474747471, 11.697979797979798 ], [ 75.840404040404039, 11.703030303030303 ], [ 75.926262626262627, 11.703030303030303 ], [ 76.062626262626253, 11.703030303030303 ], [ 76.097979797979789, 11.703030303030303 ], [ 76.193939393939388, 11.703030303030303 ], [ 76.274747474747471, 11.703030303030303 ], [ 75.820202020202018, 11.708080808080808 ], [ 75.931313131313132, 11.708080808080808 ], [ 76.067676767676758, 11.708080808080808 ], [ 76.269696969696966, 11.708080808080808 ], [ 75.951515151515153, 11.713131313131314 ], [ 76.072727272727263, 11.713131313131314 ], [ 76.269696969696966, 11.713131313131314 ], [ 76.017171717171721, 11.718181818181819 ], [ 76.072727272727263, 11.718181818181819 ], [ 76.259595959595956, 11.718181818181819 ], [ 76.294949494949492, 11.718181818181819 ], [ 76.037373737373741, 11.723232323232324 ], [ 76.072727272727263, 11.723232323232324 ], [ 76.24444444444444, 11.723232323232324 ], [ 76.274747474747471, 11.723232323232324 ], [ 76.047474747474752, 11.728282828282829 ], [ 76.072727272727263, 11.728282828282829 ], [ 76.239393939393935, 11.728282828282829 ], [ 76.274747474747471, 11.728282828282829 ], [ 76.047474747474752, 11.733333333333334 ], [ 76.072727272727263, 11.733333333333334 ], [ 76.23434343434343, 11.733333333333334 ], [ 76.274747474747471, 11.733333333333334 ], [ 76.052525252525243, 11.738383838383839 ], [ 76.077777777777769, 11.738383838383839 ], [ 76.23434343434343, 11.738383838383839 ], [ 76.274747474747471, 11.738383838383839 ], [ 75.885858585858585, 11.743434343434345 ], [ 75.906060606060606, 11.743434343434345 ], [ 76.052525252525243, 11.743434343434345 ], [ 76.077777777777769, 11.743434343434345 ], [ 76.229292929292924, 11.743434343434345 ], [ 76.274747474747471, 11.743434343434345 ], [ 75.88080808080808, 11.748484848484848 ], [ 75.911111111111111, 11.748484848484848 ], [ 76.052525252525243, 11.748484848484848 ], [ 76.077777777777769, 11.748484848484848 ], [ 76.229292929292924, 11.748484848484848 ], [ 76.274747474747471, 11.748484848484848 ], [ 75.875757575757575, 11.753535353535353 ], [ 75.911111111111111, 11.753535353535353 ], [ 76.047474747474752, 11.753535353535353 ], [ 76.077777777777769, 11.753535353535353 ], [ 76.224242424242419, 11.753535353535353 ], [ 76.279797979797976, 11.753535353535353 ], [ 75.87070707070707, 11.758585858585858 ], [ 75.916161616161617, 11.758585858585858 ], [ 76.047474747474752, 11.758585858585858 ], [ 76.082828282828274, 11.758585858585858 ], [ 76.224242424242419, 11.758585858585858 ], [ 76.279797979797976, 11.758585858585858 ], [ 75.87070707070707, 11.763636363636364 ], [ 75.921212121212122, 11.763636363636364 ], [ 76.047474747474752, 11.763636363636364 ], [ 76.082828282828274, 11.763636363636364 ], [ 76.219191919191914, 11.763636363636364 ], [ 76.279797979797976, 11.763636363636364 ], [ 75.865656565656565, 11.768686868686869 ], [ 75.926262626262627, 11.768686868686869 ], [ 76.042424242424246, 11.768686868686869 ], [ 76.087878787878779, 11.768686868686869 ], [ 76.219191919191914, 11.768686868686869 ], [ 76.284848484848482, 11.768686868686869 ], [ 75.860606060606059, 11.773737373737374 ], [ 75.926262626262627, 11.773737373737374 ], [ 76.042424242424246, 11.773737373737374 ], [ 76.087878787878779, 11.773737373737374 ], [ 76.214141414141409, 11.773737373737374 ], [ 76.289898989898987, 11.773737373737374 ], [ 75.855555555555554, 11.778787878787879 ], [ 75.931313131313132, 11.778787878787879 ], [ 76.037373737373741, 11.778787878787879 ], [ 76.092929292929284, 11.778787878787879 ], [ 76.209090909090904, 11.778787878787879 ], [ 76.289898989898987, 11.778787878787879 ], [ 75.855555555555554, 11.783838383838384 ], [ 75.941414141414143, 11.783838383838384 ], [ 76.032323232323236, 11.783838383838384 ], [ 76.092929292929284, 11.783838383838384 ], [ 76.204040404040398, 11.783838383838384 ], [ 76.294949494949492, 11.783838383838384 ], [ 75.850505050505049, 11.78888888888889 ], [ 75.951515151515153, 11.78888888888889 ], [ 76.027272727272731, 11.78888888888889 ], [ 76.097979797979789, 11.78888888888889 ], [ 76.198989898989893, 11.78888888888889 ], [ 75.840404040404039, 11.793939393939395 ], [ 75.971717171717174, 11.793939393939395 ], [ 76.017171717171721, 11.793939393939395 ], [ 76.097979797979789, 11.793939393939395 ], [ 76.183838383838378, 11.793939393939395 ], [ 75.825252525252523, 11.7989898989899 ], [ 76.1080808080808, 11.7989898989899 ], [ 76.148484848484841, 11.7989898989899 ], [ 76.072727272727263, 11.804040404040405 ], [ 76.082828282828274, 11.804040404040405 ], [ 76.042424242424246, 11.809090909090909 ], [ 76.097979797979789, 11.809090909090909 ], [ 76.032323232323236, 11.814141414141414 ], [ 76.103030303030295, 11.814141414141414 ], [ 76.027272727272731, 11.819191919191919 ], [ 76.1080808080808, 11.819191919191919 ], [ 76.249494949494945, 11.819191919191919 ], [ 76.25454545454545, 11.819191919191919 ], [ 75.865656565656565, 11.824242424242424 ], [ 75.911111111111111, 11.824242424242424 ], [ 76.027272727272731, 11.824242424242424 ], [ 76.1080808080808, 11.824242424242424 ], [ 76.229292929292924, 11.824242424242424 ], [ 76.279797979797976, 11.824242424242424 ], [ 75.855555555555554, 11.829292929292929 ], [ 75.921212121212122, 11.829292929292929 ], [ 76.022222222222226, 11.829292929292929 ], [ 76.113131313131305, 11.829292929292929 ], [ 76.219191919191914, 11.829292929292929 ], [ 76.289898989898987, 11.829292929292929 ], [ 75.850505050505049, 11.834343434343435 ], [ 75.926262626262627, 11.834343434343435 ], [ 76.017171717171721, 11.834343434343435 ], [ 76.113131313131305, 11.834343434343435 ], [ 76.214141414141409, 11.834343434343435 ], [ 76.294949494949492, 11.834343434343435 ], [ 75.845454545454544, 11.83939393939394 ], [ 75.931313131313132, 11.83939393939394 ], [ 76.012121212121215, 11.83939393939394 ], [ 76.11818181818181, 11.83939393939394 ], [ 76.209090909090904, 11.83939393939394 ], [ 75.845454545454544, 11.844444444444445 ], [ 75.936363636363637, 11.844444444444445 ], [ 76.012121212121215, 11.844444444444445 ], [ 76.11818181818181, 11.844444444444445 ], [ 76.204040404040398, 11.844444444444445 ], [ 75.840404040404039, 11.84949494949495 ], [ 75.941414141414143, 11.84949494949495 ], [ 76.00707070707071, 11.84949494949495 ], [ 76.123232323232315, 11.84949494949495 ], [ 76.198989898989893, 11.84949494949495 ], [ 75.835353535353534, 11.854545454545455 ], [ 75.951515151515153, 11.854545454545455 ], [ 76.002020202020205, 11.854545454545455 ], [ 76.128282828282821, 11.854545454545455 ], [ 76.193939393939388, 11.854545454545455 ], [ 75.830303030303028, 11.859595959595961 ], [ 75.956565656565658, 11.859595959595961 ], [ 75.991919191919195, 11.859595959595961 ], [ 76.128282828282821, 11.859595959595961 ], [ 76.193939393939388, 11.859595959595961 ], [ 75.825252525252523, 11.864646464646466 ], [ 76.133333333333326, 11.864646464646466 ], [ 76.188888888888883, 11.864646464646466 ], [ 75.820202020202018, 11.869696969696971 ], [ 76.138383838383831, 11.869696969696971 ], [ 76.183838383838378, 11.869696969696971 ], [ 76.143434343434336, 11.874747474747474 ], [ 76.173737373737367, 11.874747474747474 ] ] } },
{ "type": "Feature", "properties": { "elevation_m": 650.0 }, "geometry": { "type": "LineString", "coordinates": [ [ 75.865656565656565, 11.4 ], [ 75.916161616161617, 11.4 ], [ 76.027272727272731, 11.4 ], [ 76.097979797979789, 11.4 ], [ 76.219191919191914, 11.4 ], [ 76.284848484848482, 11.4 ], [ 75.860606060606059, 11.405050505050506 ], [ 75.926262626262627, 11.405050505050506 ], [ 76.027272727272731, 11.405050505050506 ], [ 76.103030303030295, 11.405050505050506 ], [ 76.219191919191914, 11.405050505050506 ], [ 76.289898989898987, 11.405050505050506 ], [ 75.855555555555554, 11.410101010101011 ], [ 75.931313131313132, 11.410101010101011 ], [ 76.022222222222226, 11.410101010101011 ], [ 76.103030303030295, 11.410101010101011 ], [ 76.214141414141409, 11.410101010101011 ], [ 76.294949494949492, 11.410101010101011 ], [ 75.855555555555554, 11.415151515151516 ], [ 75.936363636363637, 11.415151515151516 ], [ 76.017171717171721, 11.415151515151516 ], [ 76.1080808080808, 11.415151515151516 ], [ 76.209090909090904, 11.415151515151516 ], [ 75.850505050505049, 11.420202020202021 ], [ 75.941414141414143, 11.420202020202021 ], [ 76.012121212121215, 11.420202020202021 ], [ 76.1080808080808, 11.420202020202021 ], [ 76.204040404040398, 11.420202020202021 ], [ 75.850505050505049, 11.425252525252526 ], [ 75.951515151515153, 11.425252525252526 ], [ 76.002020202020205, 11.425252525252526 ], [ 76.113131313131305, 11.425252525252526 ], [ 76.204040404040398, 11.425252525252526 ], [ 75.845454545454544, 11.430303030303032 ], [ 75.976767676767679, 11.430303030303032 ], [ 75.981818181818184, 11.430303030303032 ], [ 76.113131313131305, 11.430303030303032 ], [ 76.198989898989893, 11.430303030303032 ], [ 75.845454545454544, 11.435353535353535 ], [ 76.113131313131305, 11.435353535353535 ], [ 76.193939393939388, 11.435353535353535 ], [ 75.845454545454544, 11.44040404040404 ], [ 76.1080808080808, 11.44040404040404 ], [ 76.183838383838378, 11.44040404040404 ], [ 75.860606060606059, 11.445454545454545 ], [ 76.067676767676758, 11.445454545454545 ], [ 76.163636363636357, 11.445454545454545 ], [ 75.810101010101008, 11.450505050505051 ], [ 75.906060606060606, 11.450505050505051 ], [ 76.037373737373741, 11.450505050505051 ], [ 76.138383838383831, 11.450505050505051 ], [ 75.820202020202018, 11.455555555555556 ], [ 75.921212121212122, 11.455555555555556 ], [ 76.027272727272731, 11.455555555555556 ], [ 76.138383838383831, 11.455555555555556 ], [ 76.204040404040398, 11.455555555555556 ], [ 76.274747474747471, 11.455555555555556 ], [ 75.820202020202018, 11.460606060606061 ], [ 75.931313131313132, 11.460606060606061 ], [ 76.017171717171721, 11.460606060606061 ], [ 76.138383838383831, 11.460606060606061 ], [ 76.198989898989893, 11.460606060606061 ], [ 76.289898989898987, 11.460606060606061 ], [ 75.820202020202018, 11.465656565656566 ], [ 75.936363636363637, 11.465656565656566 ], [ 76.012121212121215, 11.465656565656566 ], [ 76.138383838383831, 11.465656565656566 ], [ 76.193939393939388, 11.465656565656566 ], [ 75.815151515151513, 11.470707070707071 ], [ 75.941414141414143, 11.470707070707071 ], [ 76.012121212121215, 11.470707070707071 ], [ 76.138383838383831, 11.470707070707071 ], [ 76.188888888888883, 11.470707070707071 ], [ 75.815151515151513, 11.475757575757576 ], [ 75.946464646464648, 11.475757575757576 ], [ 76.00707070707071, 11.475757575757576 ], [ 76.143434343434336, 11.475757575757576 ], [ 76.188888888888883, 11.475757575757576 ], [ 75.810101010101008, 11.480808080808082 ], [ 75.946464646464648, 11.480808080808082 ], [ 76.002020202020205, 11.480808080808082 ], [ 76.143434343434336, 11.480808080808082 ], [ 76.183838383838378, 11.480808080808082 ], [ 75.951515151515153, 11.485858585858587 ], [ 75.9969696969697, 11.485858585858587 ], [ 76.143434343434336, 11.485858585858587 ], [ 76.183838383838378, 11.485858585858587 ], [ 75.956565656565658, 11.490909090909092 ], [ 75.9969696969697, 11.490909090909092 ], [ 76.148484848484841, 11.490909090909092 ], [ 76.178787878787873, 11.490909090909092 ], [ 75.956565656565658, 11.495959595959595 ], [ 75.991919191919195, 11.495959595959595 ], [ 76.148484848484841, 11.495959595959595 ], [ 76.178787878787873, 11.495959595959595 ], [ 75.961616161616163, 11.501010101010101 ], [ 75.986868686868689, 11.501010101010101 ], [ 76.148484848484841, 11.501010101010101 ], [ 76.178787878787873, 11.501010101010101 ], [ 75.966666666666669, 11.506060606060606 ], [ 75.981818181818184, 11.506060606060606 ], [ 76.148484848484841, 11.506060606060606 ], [ 76.178787878787873, 11.506060606060606 ], [ 76.153535353535347, 11.511111111111111 ], [ 76.178787878787873, 11.511111111111111 ], [ 76.153535353535347, 11.516161616161616 ], [ 76.178787878787873, 11.516161616161616 ], [ 76.153535353535347, 11.521212121212121 ], [ 76.178787878787873, 11.521212121212121 ], [ 76.153535353535347, 11.526262626262627 ], [ 76.183838383838378, 11.526262626262627 ], [ 76.153535353535347, 11.531313131313132 ], [ 76.198989898989893, 11.531313131313132 ], [ 75.835353535353534, 11.536363636363637 ], [ 75.926262626262627, 11.536363636363637 ], [ 76.163636363636357, 11.536363636363637 ], [ 76.25454545454545, 11.536363636363637 ], [ 75.825252525252523, 11.541414141414142 ], [ 75.936363636363637, 11.541414141414142 ], [ 76.057575757575748, 11.541414141414142 ], [ 76.11818181818181, 11.541414141414142 ], [ 76.168686868686862, 11.541414141414142 ], [ 76.279797979797976, 11.541414141414142 ], [ 75.825252525252523, 11.546464646464647 ], [ 75.941414141414143, 11.546464646464647 ], [ 76.037373737373741, 11.546464646464647 ], [ 76.128282828282821, 11.546464646464647 ], [ 76.173737373737367, 11.546464646464647 ], [ 76.289898989898987, 11.546464646464647 ], [ 75.825252525252523, 11.551515151515153 ], [ 75.941414141414143, 11.551515151515153 ], [ 76.027272727272731, 11.551515151515153 ], [ 76.133333333333326, 11.551515151515153 ], [ 76.178787878787873, 11.551515151515153 ], [ 76.289898989898987, 11.551515151515153 ], [ 75.825252525252523, 11.556565656565656 ], [ 75.941414141414143, 11.556565656565656 ], [ 76.027272727272731, 11.556565656565656 ], [ 76.133333333333326, 11.556565656565656 ], [ 76.183838383838378, 11.556565656565656 ], [ 76.294949494949492, 11.556565656565656 ], [ 75.825252525252523, 11.561616161616161 ], [ 75.941414141414143, 11.561616161616161 ], [ 76.027272727272731, 11.561616161616161 ], [ 76.128282828282821, 11.561616161616161 ], [ 76.183838383838378, 11.561616161616161 ], [ 76.294949494949492, 11.561616161616161 ], [ 75.830303030303028, 11.566666666666666 ], [ 75.936363636363637, 11.566666666666666 ], [ 76.027272727272731, 11.566666666666666 ], [ 76.128282828282821, 11.566666666666666 ], [ 76.188888888888883, 11.566666666666666 ], [ 76.289898989898987, 11.566666666666666 ], [ 75.830303030303028, 11.571717171717172 ], [ 75.936363636363637, 11.571717171717172 ], [ 76.027272727272731, 11.571717171717172 ], [ 76.123232323232315, 11.571717171717172 ], [ 76.193939393939388, 11.571717171717172 ], [ 76.289898989898987, 11.571717171717172 ], [ 75.835353535353534, 11.576767676767677 ], [ 75.931313131313132, 11.576767676767677 ], [ 76.027272727272731, 11.576767676767677 ], [ 76.123232323232315, 11.576767676767677 ], [ 76.198989898989893, 11.576767676767677 ], [ 76.289898989898987, 11.576767676767677 ], [ 75.840404040404039, 11.581818181818182 ], [ 75.931313131313132, 11.581818181818182 ], [ 76.032323232323236, 11.581818181818182 ], [ 76.11818181818181, 11.581818181818182 ], [ 76.204040404040398, 11.581818181818182 ], [ 76.284848484848482, 11.581818181818182 ], [ 75.840404040404039, 11.586868686868687 ], [ 75.926262626262627, 11.586868686868687 ], [ 76.032323232323236, 11.586868686868687 ], [ 76.113131313131305, 11.586868686868687 ], [ 76.209090909090904, 11.586868686868687 ], [ 76.279797979797976, 11.586868686868687 ], [ 75.845454545454544, 11.591919191919192 ], [ 75.921212121212122, 11.591919191919192 ], [ 76.037373737373741, 11.591919191919192 ], [ 76.113131313131305, 11.591919191919192 ], [ 76.214141414141409, 11.591919191919192 ], [ 76.274747474747471, 11.591919191919192 ], [ 75.855555555555554, 11.596969696969698 ], [ 75.911111111111111, 11.596969696969698 ], [ 76.042424242424246, 11.596969696969698 ], [ 76.1080808080808, 11.596969696969698 ], [ 76.224242424242419, 11.596969696969698 ], [ 76.264646464646461, 11.596969696969698 ], [ 75.865656565656565, 11.602020202020203 ], [ 75.901010101010101, 11.602020202020203 ], [ 76.052525252525243, 11.602020202020203 ], [ 76.097979797979789, 11.602020202020203 ], [ 76.072727272727263, 11.607070707070708 ], [ 76.077777777777769, 11.607070707070708 ], [ 75.815151515151513, 11.642424242424243 ], [ 75.825252525252523, 11.647474747474748 ], [ 75.971717171717174, 11.647474747474748 ], [ 76.002020202020205, 11.647474747474748 ], [ 76.128282828282821, 11.647474747474748 ], [ 76.173737373737367, 11.647474747474748 ], [ 75.830303030303028, 11.652525252525253 ], [ 75.956565656565658, 11.652525252525253 ], [ 76.012121212121215, 11.652525252525253 ], [ 76.123232323232315, 11.652525252525253 ], [ 76.183838383838378, 11.652525252525253 ], [ 75.835353535353534, 11.657575757575758 ], [ 75.951515151515153, 11.657575757575758 ], [ 76.022222222222226, 11.657575757575758 ], [ 76.11818181818181, 11.657575757575758 ], [ 76.188888888888883, 11.657575757575758 ], [ 75.840404040404039, 11.662626262626263 ], [ 75.946464646464648, 11.662626262626263 ], [ 76.027272727272731, 11.662626262626263 ], [ 76.113131313131305, 11.662626262626263 ], [ 76.193939393939388, 11.662626262626263 ], [ 75.840404040404039, 11.667676767676769 ], [ 75.941414141414143, 11.667676767676769 ], [ 76.032323232323236, 11.667676767676769 ], [ 76.1080808080808, 11.667676767676769 ], [ 76.193939393939388, 11.667676767676769 ], [ 76.294949494949492, 11.667676767676769 ], [ 75.845454545454544, 11.672727272727274 ], [ 75.936363636363637, 11.672727272727274 ], [ 76.032323232323236, 11.672727272727274 ], [ 76.1080808080808, 11.672727272727274 ], [ 76.198989898989893, 11.672727272727274 ], [ 76.289898989898987, 11.672727272727274 ], [ 75.845454545454544, 11.677777777777779 ], [ 75.936363636363637, 11.677777777777779 ], [ 76.037373737373741, 11.677777777777779 ], [ 76.103030303030295, 11.677777777777779 ], [ 76.198989898989893, 11.677777777777779 ], [ 76.289898989898987, 11.677777777777779 ], [ 75.845454545454544, 11.682828282828282 ], [ 75.931313131313132, 11.682828282828282 ], [ 76.042424242424246, 11.682828282828282 ], [ 76.103030303030295, 11.682828282828282 ], [ 76.204040404040398, 11.682828282828282 ], [ 76.284848484848482, 11.682828282828282 ], [ 75.845454545454544, 11.687878787878788 ], [ 75.931313131313132, 11.687878787878788 ], [ 76.042424242424246, 11.687878787878788 ], [ 76.103030303030295, 11.687878787878788 ], [ 76.204040404040398, 11.687878787878788 ], [ 76.284848484848482, 11.687878787878788 ], [ 75.845454545454544, 11.692929292929293 ], [ 75.931313131313132, 11.692929292929293 ], [ 76.047474747474752, 11.692929292929293 ], [ 76.103030303030295, 11.692929292929293 ], [ 76.198989898989893, 11.692929292929293 ], [ 76.279797979797976, 11.692929292929293 ], [ 75.840404040404039, 11.697979797979798 ], [ 75.931313131313132, 11.697979797979798 ], [ 76.047474747474752, 11.697979797979798 ], [ 76.1080808080808, 11.697979797979798 ], [ 76.198989898989893, 11.697979797979798 ], [ 76.279797979797976, 11.697979797979798 ], [ 75.830303030303028, 11.703030303030303 ], [ 75.936363636363637, 11.703030303030303 ], [ 76.047474747474752, 11.703030303030303 ], [ 76.11818181818181, 11.703030303030303 ], [ 76.183838383838378, 11.703030303030303 ], [ 76.279797979797976, 11.703030303030303 ], [ 75.805050505050502, 11.708080808080808 ], [ 75.941414141414143, 11.708080808080808 ], [ 76.047474747474752, 11.708080808080808 ], [ 76.279797979797976, 11.708080808080808 ], [ 75.971717171717174, 11.713131313131314 ], [ 76.047474747474752, 11.713131313131314 ], [ 76.289898989898987, 11.713131313131314 ], [ 76.24444444444444, 11.733333333333334 ], [ 76.264646464646461, 11.733333333333334 ], [ 76.239393939393935, 11.738383838383839 ], [ 76.269696969696966, 11.738383838383839 ], [ 76.23434343434343, 11.743434343434345 ], [ 76.269696969696966, 11.743434343434345 ], [ 75.890909090909091, 11.748484848484848 ], [ 75.895959595959596, 11.748484848484848 ], [ 76.23434343434343, 11.748484848484848 ], [ 76.269696969696966, 11.748484848484848 ], [ 75.88080808080808, 11.753535353535353 ], [ 75.906060606060606, 11.753535353535353 ], [ 76.057575757575748, 11.753535353535353 ], [ 76.072727272727263, 11.753535353535353 ], [ 76.229292929292924, 11.753535353535353 ], [ 76.274747474747471, 11.753535353535353 ], [ 75.875757575757575, 11.758585858585858 ], [ 75.911111111111111, 11.758585858585858 ], [ 76.052525252525243, 11.758585858585858 ], [ 76.072727272727263, 11.758585858585858 ], [ 76.224242424242419, 11.758585858585858 ], [ 76.274747474747471, 11.758585858585858 ], [ 75.87070707070707, 11.763636363636364 ], [ 75.916161616161617, 11.763636363636364 ], [ 76.052525252525243, 11.763636363636364 ], [ 76.077777777777769, 11.763636363636364 ], [ 76.224242424242419, 11.763636363636364 ], [ 76.279797979797976, 11.763636363636364 ], [ 75.87070707070707, 11.768686868686869 ], [ 75.921212121212122, 11.768686868686869 ], [ 76.047474747474752, 11.768686868686869 ], [ 76.082828282828274, 11.768686868686869 ], [ 76.219191919191914, 11.768686868686869 ], [ 76.279797979797976, 11.768686868686869 ], [ 75.865656565656565, 11.773737373737374 ], [ 75.926262626262627, 11.773737373737374 ], [ 76.047474747474752, 11.773737373737374 ], [ 76.082828282828274, 11.773737373737374 ], [ 76.219191919191914, 11.773737373737374 ], [ 76.284848484848482, 11.773737373737374 ], [ 75.860606060606059, 11.778787878787879 ], [ 75.926262626262627, 11.778787878787879 ], [ 76.042424242424246, 11.778787878787879 ], [ 76.082828282828274, 11.778787878787879 ], [ 76.214141414141409, 11.778787878787879 ], [ 76.284848484848482, 11.778787878787879 ], [ 75.855555555555554, 11.783838383838384 ], [ 75.936363636363637, 11.783838383838384 ], [ 76.042424242424246, 11.783838383838384 ], [ 76.087878787878779, 11.783838383838384 ], [ 76.209090909090904, 11.783838383838384 ], [ 76.289898989898987, 11.783838383838384 ], [ 75.855555555555554, 11.78888888888889 ], [ 75.941414141414143, 11.78888888888889 ], [ 76.037373737373741, 11.78888888888889 ], [ 76.087878787878779, 11.78888888888889 ], [ 76.204040404040398, 11.78888888888889 ], [ 76.294949494949492, 11.78888888888889 ], [ 75.845454545454544, 11.793939393939395 ], [ 75.956565656565658, 11.793939393939395 ], [ 76.032323232323236, 11.793939393939395 ], [ 76.087878787878779, 11.793939393939395 ], [ 76.193939393939388, 11.793939393939395 ], [ 75.835353535353534, 11.7989898989899 ], [ 76.072727272727263, 11.7989898989899 ], [ 76.168686868686862, 11.7989898989899 ], [ 75.8, 11.804040404040405 ], [ 76.032323232323236, 11.804040404040405 ], [ 76.123232323232315, 11.804040404040405 ], [ 76.032323232323236, 11.809090909090909 ], [ 76.113131313131305, 11.809090909090909 ], [ 76.027272727272731, 11.814141414141414 ], [ 76.113131313131305, 11.814141414141414 ], [ 75.865656565656565, 11.819191919191919 ], [ 75.906060606060606, 11.819191919191919 ], [ 76.022222222222226, 11.819191919191919 ], [ 76.113131313131305, 11.819191919191919 ], [ 76.23434343434343, 11.819191919191919 ], [ 76.274747474747471, 11.819191919191919 ], [ 75.855555555555554, 11.824242424242424 ], [ 75.916161616161617, 11.824242424242424 ], [ 76.022222222222226, 11.824242424242424 ], [ 76.113131313131305, 11.824242424242424 ], [ 76.219191919191914, 11.824242424242424 ], [ 76.284848484848482, 11.824242424242424 ], [ 75.850505050505049, 11.829292929292929 ], [ 75.926262626262627, 11.829292929292929 ], [ 76.017171717171721, 11.829292929292929 ], [ 76.11818181818181, 11.829292929292929 ], [ 76.214141414141409, 11.829292929292929 ], [ 76.294949494949492, 11.829292929292929 ], [ 75.845454545454544, 11.834343434343435 ], [ 75.931313131313132, 11.834343434343435 ], [ 76.012121212121215, 11.834343434343435 ], [ 76.11818181818181, 11.834343434343435 ], [ 76.209090909090904, 11.834343434343435 ], [ 75.845454545454544, 11.83939393939394 ], [ 75.936363636363637, 11.83939393939394 ], [ 76.012121212121215, 11.83939393939394 ], [ 76.11818181818181, 11.83939393939394 ], [ 76.204040404040398, 11.83939393939394 ], [ 75.840404040404039, 11.844444444444445 ], [ 75.941414141414143, 11.844444444444445 ], [ 76.00707070707071, 11.844444444444445 ], [ 76.123232323232315, 11.844444444444445 ], [ 76.198989898989893, 11.844444444444445 ], [ 75.835353535353534, 11.84949494949495 ], [ 75.946464646464648, 11.84949494949495 ], [ 76.002020202020205, 11.84949494949495 ], [ 76.128282828282821, 11.84949494949495 ], [ 76.198989898989893, 11.84949494949495 ], [ 75.830303030303028, 11.854545454545455 ], [ 75.956565656565658, 11.854545454545455 ], [ 75.9969696969697, 11.854545454545455 ], [ 76.128282828282821, 11.854545454545455 ], [ 76.193939393939388, 11.854545454545455 ], [ 75.825252525252523, 11.859595959595961 ], [ 75.966666666666669, 11.859595959595961 ], [ 75.981818181818184, 11.859595959595961 ], [ 76.133333333333326, 11.859595959595961 ], [ 76.188888888888883, 11.859595959595961 ], [ 75.820202020202018, 11.864646464646466 ], [ 76.138383838383831, 11.864646464646466 ], [ 76.183838383838378, 11.864646464646466 ], [ 76.143434343434336, 11.869696969696971 ], [ 76.173737373737367, 11.869696969696971 ] ] } },
{ "type": "Feature", "properties": { "elevation_m": 700.0 }, "geometry": { "type": "LineString", "coordinates": [ [ 75.87070707070707, 11.4 ], [ 75.916161616161617, 11.4 ], [ 76.032323232323236, 11.4 ], [ 76.097979797979789, 11.4 ], [ 76.224242424242419, 11.4 ], [ 76.279797979797976, 11.4 ], [ 75.865656565656565, 11.405050505050506 ], [ 75.921212121212122, 11.405050505050506 ], [ 76.027272727272731, 11.405050505050506 ], [ 76.097979797979789, 11.405050505050506 ], [ 76.219191919191914, 11.405050505050506 ], [ 76.284848484848482, 11.405050505050506 ], [ 75.860606060606059, 11.410101010101011 ], [ 75.926262626262627, 11.410101010101011 ], [ 76.027272727272731, 11.410101010101011 ], [ 76.103030303030295, 11.410101010101011 ], [ 76.214141414141409, 11.410101010101011 ], [ 76.289898989898987, 11.410101010101011 ], [ 75.860606060606059, 11.415151515151516 ], [ 75.931313131313132, 11.415151515151516 ], [ 76.022222222222226, 11.415151515151516 ], [ 76.103030303030295, 11.415151515151516 ], [ 76.214141414141409, 11.415151515151516 ], [ 76.294949494949492, 11.415151515151516 ], [ 75.855555555555554, 11.420202020202021 ], [ 75.936363636363637, 11.420202020202021 ], [ 76.017171717171721, 11.420202020202021 ], [ 76.103030303030295, 11.420202020202021 ], [ 76.209090909090904, 11.420202020202021 ], [ 75.855555555555554, 11.425252525252526 ], [ 75.946464646464648, 11.425252525252526 ], [ 76.012121212121215, 11.425252525252526 ], [ 76.1080808080808, 11.425252525252526 ], [ 76.204040404040398, 11.425252525252526 ], [ 75.850505050505049, 11.430303030303032 ], [ 75.956565656565658, 11.430303030303032 ], [ 76.002020202020205, 11.430303030303032 ], [ 76.1080808080808, 11.430303030303032 ], [ 76.204040404040398, 11.430303030303032 ], [ 75.855555555555554, 11.435353535353535 ], [ 76.103030303030295, 11.435353535353535 ], [ 76.198989898989893, 11.435353535353535 ], [ 75.860606060606059, 11.44040404040404 ], [ 76.092929292929284, 11.44040404040404 ], [ 76.193939393939388, 11.44040404040404 ], [ 75.885858585858585, 11.445454545454545 ], [ 76.047474747474752, 11.445454545454545 ], [ 76.193939393939388, 11.445454545454545 ], [ 75.916161616161617, 11.450505050505051 ], [ 76.027272727272731, 11.450505050505051 ], [ 76.163636363636357, 11.450505050505051 ], [ 76.198989898989893, 11.450505050505051 ], [ 76.25454545454545, 11.450505050505051 ], [ 75.926262626262627, 11.455555555555556 ], [ 76.017171717171721, 11.455555555555556 ], [ 76.148484848484841, 11.455555555555556 ], [ 76.193939393939388, 11.455555555555556 ], [ 76.284848484848482, 11.455555555555556 ], [ 75.936363636363637, 11.460606060606061 ], [ 76.012121212121215, 11.460606060606061 ], [ 76.143434343434336, 11.460606060606061 ], [ 76.188888888888883, 11.460606060606061 ], [ 76.294949494949492, 11.460606060606061 ], [ 75.805050505050502, 11.465656565656566 ], [ 75.941414141414143, 11.465656565656566 ], [ 76.00707070707071, 11.465656565656566 ], [ 76.143434343434336, 11.465656565656566 ], [ 76.183838383838378, 11.465656565656566 ], [ 75.946464646464648, 11.470707070707071 ], [ 76.00707070707071, 11.470707070707071 ], [ 76.143434343434336, 11.470707070707071 ], [ 76.183838383838378, 11.470707070707071 ], [ 75.946464646464648, 11.475757575757576 ], [ 76.002020202020205, 11.475757575757576 ], [ 76.148484848484841, 11.475757575757576 ], [ 76.178787878787873, 11.475757575757576 ], [ 75.951515151515153, 11.480808080808082 ], [ 75.9969696969697, 11.480808080808082 ], [ 76.148484848484841, 11.480808080808082 ], [ 76.178787878787873, 11.480808080808082 ], [ 75.956565656565658, 11.485858585858587 ], [ 75.9969696969697, 11.485858585858587 ], [ 76.148484848484841, 11.485858585858587 ], [ 76.173737373737367, 11.485858585858587 ], [ 75.961616161616163, 11.490909090909092 ], [ 75.991919191919195, 11.490909090909092 ], [ 76.153535353535347, 11.490909090909092 ], [ 76.173737373737367, 11.490909090909092 ], [ 75.966666666666669, 11.495959595959595 ], [ 75.986868686868689, 11.495959595959595 ], [ 76.158585858585852, 11.495959595959595 ], [ 76.168686868686862, 11.495959595959595 ], [ 75.850505050505049, 11.536363636363637 ], [ 75.911111111111111, 11.536363636363637 ], [ 76.209090909090904, 11.536363636363637 ], [ 76.224242424242419, 11.536363636363637 ], [ 75.835353535353534, 11.541414141414142 ], [ 75.931313131313132, 11.541414141414142 ], [ 76.188888888888883, 11.541414141414142 ], [ 76.269696969696966, 11.541414141414142 ], [ 75.830303030303028, 11.546464646464647 ], [ 75.936363636363637, 11.546464646464647 ], [ 76.042424242424246, 11.546464646464647 ], [ 76.11818181818181, 11.546464646464647 ], [ 76.188888888888883, 11.546464646464647 ], [ 76.284848484848482, 11.546464646464647 ], [ 75.830303030303028, 11.551515151515153 ], [ 75.936363636363637, 11.551515151515153 ], [ 76.032323232323236, 11.551515151515153 ], [ 76.123232323232315, 11.551515151515153 ], [ 76.188888888888883, 11.551515151515153 ], [ 76.284848484848482, 11.551515151515153 ], [ 75.830303030303028, 11.556565656565656 ], [ 75.936363636363637, 11.556565656565656 ], [ 76.032323232323236, 11.556565656565656 ], [ 76.123232323232315, 11.556565656565656 ], [ 76.188888888888883, 11.556565656565656 ], [ 76.289898989898987, 11.556565656565656 ], [ 75.830303030303028, 11.561616161616161 ], [ 75.936363636363637, 11.561616161616161 ], [ 76.027272727272731, 11.561616161616161 ], [ 76.123232323232315, 11.561616161616161 ], [ 76.188888888888883, 11.561616161616161 ], [ 76.289898989898987, 11.561616161616161 ], [ 75.835353535353534, 11.566666666666666 ], [ 75.936363636363637, 11.566666666666666 ], [ 76.027272727272731, 11.566666666666666 ], [ 76.123232323232315, 11.566666666666666 ], [ 76.193939393939388, 11.566666666666666 ], [ 76.289898989898987, 11.566666666666666 ], [ 75.835353535353534, 11.571717171717172 ], [ 75.931313131313132, 11.571717171717172 ], [ 76.027272727272731, 11.571717171717172 ], [ 76.123232323232315, 11.571717171717172 ], [ 76.198989898989893, 11.571717171717172 ], [ 76.284848484848482, 11.571717171717172 ], [ 75.840404040404039, 11.576767676767677 ], [ 75.931313131313132, 11.576767676767677 ], [ 76.032323232323236, 11.576767676767677 ], [ 76.11818181818181, 11.576767676767677 ], [ 76.198989898989893, 11.576767676767677 ], [ 76.284848484848482, 11.576767676767677 ], [ 75.840404040404039, 11.581818181818182 ], [ 75.926262626262627, 11.581818181818182 ], [ 76.032323232323236, 11.581818181818182 ], [ 76.113131313131305, 11.581818181818182 ], [ 76.204040404040398, 11.581818181818182 ], [ 76.279797979797976, 11.581818181818182 ], [ 75.845454545454544, 11.586868686868687 ], [ 75.921212121212122, 11.586868686868687 ], [ 76.037373737373741, 11.586868686868687 ], [ 76.113131313131305, 11.586868686868687 ], [ 76.209090909090904, 11.586868686868687 ], [ 76.274747474747471, 11.586868686868687 ], [ 75.850505050505049, 11.591919191919192 ], [ 75.916161616161617, 11.591919191919192 ], [ 76.042424242424246, 11.591919191919192 ], [ 76.1080808080808, 11.591919191919192 ], [ 76.219191919191914, 11.591919191919192 ], [ 76.269696969696966, 11.591919191919192 ], [ 75.860606060606059, 11.596969696969698 ], [ 75.906060606060606, 11.596969696969698 ], [ 76.047474747474752, 11.596969696969698 ], [ 76.103030303030295, 11.596969696969698 ], [ 76.23434343434343, 11.596969696969698 ], [ 76.25454545454545, 11.596969696969698 ], [ 75.88080808080808, 11.602020202020203 ], [ 75.885858585858585, 11.602020202020203 ], [ 76.057575757575748, 11.602020202020203 ], [ 76.092929292929284, 11.602020202020203 ], [ 75.805050505050502, 11.642424242424243 ], [ 75.820202020202018, 11.647474747474748 ], [ 76.138383838383831, 11.647474747474748 ], [ 76.168686868686862, 11.647474747474748 ], [ 75.825252525252523, 11.652525252525253 ], [ 75.961616161616163, 11.652525252525253 ], [ 76.00707070707071, 11.652525252525253 ], [ 76.128282828282821, 11.652525252525253 ], [ 76.178787878787873, 11.652525252525253 ], [ 75.830303030303028, 11.657575757575758 ], [ 75.951515151515153, 11.657575757575758 ], [ 76.017171717171721, 11.657575757575758 ], [ 76.123232323232315, 11.657575757575758 ], [ 76.183838383838378, 11.657575757575758 ], [ 75.835353535353534, 11.662626262626263 ], [ 75.946464646464648, 11.662626262626263 ], [ 76.022222222222226, 11.662626262626263 ], [ 76.11818181818181, 11.662626262626263 ], [ 76.188888888888883, 11.662626262626263 ], [ 75.840404040404039, 11.667676767676769 ], [ 75.941414141414143, 11.667676767676769 ], [ 76.027272727272731, 11.667676767676769 ], [ 76.113131313131305, 11.667676767676769 ], [ 76.193939393939388, 11.667676767676769 ], [ 76.294949494949492, 11.667676767676769 ], [ 75.840404040404039, 11.672727272727274 ], [ 75.941414141414143, 11.672727272727274 ], [ 76.032323232323236, 11.672727272727274 ], [ 76.113131313131305, 11.672727272727274 ], [ 76.193939393939388, 11.672727272727274 ], [ 76.294949494949492, 11.672727272727274 ], [ 75.840404040404039, 11.677777777777779 ], [ 75.936363636363637, 11.677777777777779 ], [ 76.032323232323236, 11.677777777777779 ], [ 76.1080808080808, 11.677777777777779 ], [ 76.198989898989893, 11.677777777777779 ], [ 76.289898989898987, 11.677777777777779 ], [ 75.840404040404039, 11.682828282828282 ], [ 75.936363636363637, 11.682828282828282 ], [ 76.037373737373741, 11.682828282828282 ], [ 76.1080808080808, 11.682828282828282 ], [ 76.198989898989893, 11.682828282828282 ], [ 76.289898989898987, 11.682828282828282 ], [ 75.840404040404039, 11.687878787878788 ], [ 75.936363636363637, 11.687878787878788 ], [ 76.037373737373741, 11.687878787878788 ], [ 76.1080808080808, 11.687878787878788 ], [ 76.198989898989893, 11.687878787878788 ], [ 76.284848484848482, 11.687878787878788 ], [ 75.840404040404039, 11.692929292929293 ], [ 75.936363636363637, 11.692929292929293 ], [ 76.037373737373741, 11.692929292929293 ], [ 76.1080808080808, 11.692929292929293 ], [ 76.193939393939388, 11.692929292929293 ], [ 76.284848484848482, 11.692929292929293 ], [ 75.835353535353534, 11.697979797979798 ], [ 75.936363636363637, 11.697979797979798 ], [ 76.042424242424246, 11.697979797979798 ], [ 76.113131313131305, 11.697979797979798 ], [ 76.188888888888883, 11.697979797979798 ], [ 76.284848484848482, 11.697979797979798 ], [ 75.825252525252523, 11.703030303030303 ], [ 75.941414141414143, 11.703030303030303 ], [ 76.037373737373741, 11.703030303030303 ], [ 76.133333333333326, 11.703030303030303 ], [ 76.173737373737367, 11.703030303030303 ], [ 76.284848484848482, 11.703030303030303 ], [ 75.951515151515153, 11.708080808080808 ], [ 76.037373737373741, 11.708080808080808 ], [ 76.289898989898987, 11.708080808080808 ], [ 76.24444444444444, 11.743434343434345 ], [ 76.259595959595956, 11.743434343434345 ], [ 76.239393939393935, 11.748484848484848 ], [ 76.264646464646461, 11.748484848484848 ], [ 76.23434343434343, 11.753535353535353 ], [ 76.269696969696966, 11.753535353535353 ], [ 75.88080808080808, 11.758585858585858 ], [ 75.906060606060606, 11.758585858585858 ], [ 76.229292929292924, 11.758585858585858 ], [ 76.269696969696966, 11.758585858585858 ], [ 75.875757575757575, 11.763636363636364 ], [ 75.911111111111111, 11.763636363636364 ], [ 76.229292929292924, 11.763636363636364 ], [ 76.274747474747471, 11.763636363636364 ], [ 75.875757575757575, 11.768686868686869 ], [ 75.916161616161617, 11.768686868686869 ], [ 76.057575757575748, 11.768686868686869 ], [ 76.072727272727263, 11.768686868686869 ], [ 76.224242424242419, 11.768686868686869 ], [ 76.274747474747471, 11.768686868686869 ], [ 75.87070707070707, 11.773737373737374 ], [ 75.921212121212122, 11.773737373737374 ], [ 76.057575757575748, 11.773737373737374 ], [ 76.072727272727263, 11.773737373737374 ], [ 76.219191919191914, 11.773737373737374 ], [ 76.279797979797976, 11.773737373737374 ], [ 75.865656565656565, 11.778787878787879 ], [ 75.926262626262627, 11.778787878787879 ], [ 76.052525252525243, 11.778787878787879 ], [ 76.077777777777769, 11.778787878787879 ], [ 76.219191919191914, 11.778787878787879 ], [ 76.284848484848482, 11.778787878787879 ], [ 75.860606060606059, 11.783838383838384 ], [ 75.931313131313132, 11.783838383838384 ], [ 76.052525252525243, 11.783838383838384 ], [ 76.077777777777769, 11.783838383838384 ], [ 76.214141414141409, 11.783838383838384 ], [ 76.284848484848482, 11.783838383838384 ], [ 75.860606060606059, 11.78888888888889 ], [ 75.936363636363637, 11.78888888888889 ], [ 76.052525252525243, 11.78888888888889 ], [ 76.072727272727263, 11.78888888888889 ], [ 76.209090909090904, 11.78888888888889 ], [ 76.289898989898987, 11.78888888888889 ], [ 75.855555555555554, 11.793939393939395 ], [ 75.946464646464648, 11.793939393939395 ], [ 76.198989898989893, 11.793939393939395 ], [ 76.294949494949492, 11.793939393939395 ], [ 75.845454545454544, 11.7989898989899 ], [ 75.971717171717174, 11.7989898989899 ], [ 76.183838383838378, 11.7989898989899 ], [ 75.830303030303028, 11.804040404040405 ], [ 76.012121212121215, 11.804040404040405 ], [ 76.143434343434336, 11.804040404040405 ], [ 76.022222222222226, 11.809090909090909 ], [ 76.123232323232315, 11.809090909090909 ], [ 75.87070707070707, 11.814141414141414 ], [ 75.895959595959596, 11.814141414141414 ], [ 76.022222222222226, 11.814141414141414 ], [ 76.11818181818181, 11.814141414141414 ], [ 76.24444444444444, 11.814141414141414 ], [ 76.264646464646461, 11.814141414141414 ], [ 75.855555555555554, 11.819191919191919 ], [ 75.916161616161617, 11.819191919191919 ], [ 76.017171717171721, 11.819191919191919 ], [ 76.11818181818181, 11.819191919191919 ], [ 76.224242424242419, 11.819191919191919 ], [ 76.284848484848482, 11.819191919191919 ], [ 75.850505050505049, 11.824242424242424 ], [ 75.921212121212122, 11.824242424242424 ], [ 76.017171717171721, 11.824242424242424 ], [ 76.11818181818181, 11.824242424242424 ], [ 76.214141414141409, 11.824242424242424 ], [ 76.289898989898987, 11.824242424242424 ], [ 75.845454545454544, 11.829292929292929 ], [ 75.931313131313132, 11.829292929292929 ], [ 76.012121212121215, 11.829292929292929 ], [ 76.11818181818181, 11.829292929292929 ], [ 76.209090909090904, 11.829292929292929 ], [ 75.845454545454544, 11.834343434343435 ], [ 75.936363636363637, 11.834343434343435 ], [ 76.012121212121215, 11.834343434343435 ], [ 76.123232323232315, 11.834343434343435 ], [ 76.204040404040398, 11.834343434343435 ], [ 75.840404040404039, 11.83939393939394 ], [ 75.941414141414143, 11.83939393939394 ], [ 76.00707070707071, 11.83939393939394 ], [ 76.123232323232315, 11.83939393939394 ], [ 76.204040404040398, 11.83939393939394 ], [ 75.835353535353534, 11.844444444444445 ], [ 75.946464646464648, 11.844444444444445 ], [ 76.002020202020205, 11.844444444444445 ], [ 76.128282828282821, 11.844444444444445 ], [ 76.198989898989893, 11.844444444444445 ], [ 75.830303030303028, 11.84949494949495 ], [ 75.951515151515153, 11.84949494949495 ], [ 75.9969696969697, 11.84949494949495 ], [ 76.128282828282821, 11.84949494949495 ], [ 76.193939393939388, 11.84949494949495 ], [ 75.825252525252523, 11.854545454545455 ], [ 75.961616161616163, 11.854545454545455 ], [ 75.986868686868689, 11.854545454545455 ], [ 76.133333333333326, 11.854545454545455 ], [ 76.188888888888883, 11.854545454545455 ], [ 75.820202020202018, 11.859595959595961 ], [ 76.138383838383831, 11.859595959595961 ], [ 76.183838383838378, 11.859595959595961 ], [ 75.8, 11.864646464646466 ], [ 75.810101010101008, 11.864646464646466 ], [ 76.143434343434336, 11.864646464646466 ], [ 76.178787878787873, 11.864646464646466 ], [ 76.153535353535347, 11.869696969696971 ], [ 76.163636363636357, 11.869696969696971 ] ] } },
{ "type": "Feature", "properties": { "elevation_m": 750.0 }, "geometry": { "type": "LineString", "coordinates": [ [ 75.875757575757575, 11.4 ], [ 75.906060606060606, 11.4 ], [ 76.037373737373741, 11.4 ], [ 76.092929292929284, 11.4 ], [ 76.229292929292924, 11.4 ], [ 76.279797979797976, 11.4 ], [ 75.87070707070707, 11.405050505050506 ], [ 75.916161616161617, 11.405050505050506 ], [ 76.032323232323236, 11.405050505050506 ], [ 76.097979797979789, 11.405050505050506 ], [ 76.224242424242419, 11.405050505050506 ], [ 76.284848484848482, 11.405050505050506 ], [ 75.865656565656565, 11.410101010101011 ], [ 75.921212121212122, 11.410101010101011 ], [ 76.027272727272731, 11.410101010101011 ], [ 76.097979797979789, 11.410101010101011 ], [ 76.219191919191914, 11.410101010101011 ], [ 76.289898989898987, 11.410101010101011 ], [ 75.860606060606059, 11.415151515151516 ], [ 75.926262626262627, 11.415151515151516 ], [ 76.027272727272731, 11.415151515151516 ], [ 76.097979797979789, 11.415151515151516 ], [ 76.214141414141409, 11.415151515151516 ], [ 76.294949494949492, 11.415151515151516 ], [ 75.860606060606059, 11.420202020202021 ], [ 75.931313131313132, 11.420202020202021 ], [ 76.022222222222226, 11.420202020202021 ], [ 76.103030303030295, 11.420202020202021 ], [ 76.214141414141409, 11.420202020202021 ], [ 75.860606060606059, 11.425252525252526 ], [ 75.936363636363637, 11.425252525252526 ], [ 76.017171717171721, 11.425252525252526 ], [ 76.103030303030295, 11.425252525252526 ], [ 76.209090909090904, 11.425252525252526 ], [ 75.860606060606059, 11.430303030303032 ], [ 75.946464646464648, 11.430303030303032 ], [ 76.012121212121215, 11.430303030303032 ], [ 76.103030303030295, 11.430303030303032 ], [ 76.209090909090904, 11.430303030303032 ], [ 75.860606060606059, 11.435353535353535 ], [ 75.961616161616163, 11.435353535353535 ], [ 75.9969696969697, 11.435353535353535 ], [ 76.092929292929284, 11.435353535353535 ], [ 76.204040404040398, 11.435353535353535 ], [ 75.875757575757575, 11.44040404040404 ], [ 76.072727272727263, 11.44040404040404 ], [ 76.209090909090904, 11.44040404040404 ], [ 75.906060606060606, 11.445454545454545 ], [ 76.032323232323236, 11.445454545454545 ], [ 76.219191919191914, 11.445454545454545 ], [ 75.926262626262627, 11.450505050505051 ], [ 76.017171717171721, 11.450505050505051 ], [ 76.274747474747471, 11.450505050505051 ], [ 75.936363636363637, 11.455555555555556 ], [ 76.012121212121215, 11.455555555555556 ], [ 76.294949494949492, 11.455555555555556 ], [ 75.941414141414143, 11.460606060606061 ], [ 76.00707070707071, 11.460606060606061 ], [ 76.158585858585852, 11.460606060606061 ], [ 76.173737373737367, 11.460606060606061 ], [ 75.946464646464648, 11.465656565656566 ], [ 76.00707070707071, 11.465656565656566 ], [ 76.153535353535347, 11.465656565656566 ], [ 76.173737373737367, 11.465656565656566 ], [ 75.951515151515153, 11.470707070707071 ], [ 76.002020202020205, 11.470707070707071 ], [ 76.153535353535347, 11.470707070707071 ], [ 76.173737373737367, 11.470707070707071 ], [ 75.951515151515153, 11.475757575757576 ], [ 75.9969696969697, 11.475757575757576 ], [ 76.153535353535347, 11.475757575757576 ], [ 76.173737373737367, 11.475757575757576 ], [ 75.956565656565658, 11.480808080808082 ], [ 75.991919191919195, 11.480808080808082 ], [ 76.158585858585852, 11.480808080808082 ], [ 76.168686868686862, 11.480808080808082 ], [ 75.961616161616163, 11.485858585858587 ], [ 75.991919191919195, 11.485858585858587 ], [ 75.966666666666669, 11.490909090909092 ], [ 75.981818181818184, 11.490909090909092 ], [ 75.845454545454544, 11.541414141414142 ], [ 75.921212121212122, 11.541414141414142 ], [ 76.204040404040398, 11.541414141414142 ], [ 76.259595959595956, 11.541414141414142 ], [ 75.840404040404039, 11.546464646464647 ], [ 75.931313131313132, 11.546464646464647 ], [ 76.052525252525243, 11.546464646464647 ], [ 76.103030303030295, 11.546464646464647 ], [ 76.193939393939388, 11.546464646464647 ], [ 76.274747474747471, 11.546464646464647 ], [ 75.835353535353534, 11.551515151515153 ], [ 75.931313131313132, 11.551515151515153 ], [ 76.042424242424246, 11.551515151515153 ], [ 76.11818181818181, 11.551515151515153 ], [ 76.193939393939388, 11.551515151515153 ], [ 76.284848484848482, 11.551515151515153 ], [ 75.835353535353534, 11.556565656565656 ], [ 75.931313131313132, 11.556565656565656 ], [ 76.032323232323236, 11.556565656565656 ], [ 76.11818181818181, 11.556565656565656 ], [ 76.193939393939388, 11.556565656565656 ], [ 76.284848484848482, 11.556565656565656 ], [ 75.835353535353534, 11.561616161616161 ], [ 75.931313131313132, 11.561616161616161 ], [ 76.032323232323236, 11.561616161616161 ], [ 76.11818181818181, 11.561616161616161 ], [ 76.193939393939388, 11.561616161616161 ], [ 76.284848484848482, 11.561616161616161 ], [ 75.835353535353534, 11.566666666666666 ], [ 75.931313131313132, 11.566666666666666 ], [ 76.032323232323236, 11.566666666666666 ], [ 76.11818181818181, 11.566666666666666 ], [ 76.198989898989893, 11.566666666666666 ], [ 76.284848484848482, 11.566666666666666 ], [ 75.840404040404039, 11.571717171717172 ], [ 75.931313131313132, 11.571717171717172 ], [ 76.032323232323236, 11.571717171717172 ], [ 76.11818181818181, 11.571717171717172 ], [ 76.198989898989893, 11.571717171717172 ], [ 76.284848484848482, 11.571717171717172 ], [ 75.840404040404039, 11.576767676767677 ], [ 75.926262626262627, 11.576767676767677 ], [ 76.032323232323236, 11.576767676767677 ], [ 76.113131313131305, 11.576767676767677 ], [ 76.204040404040398, 11.576767676767677 ], [ 76.279797979797976, 11.576767676767677 ], [ 75.845454545454544, 11.581818181818182 ], [ 75.926262626262627, 11.581818181818182 ], [ 76.037373737373741, 11.581818181818182 ], [ 76.113131313131305, 11.581818181818182 ], [ 76.209090909090904, 11.581818181818182 ], [ 76.279797979797976, 11.581818181818182 ], [ 75.850505050505049, 11.586868686868687 ], [ 75.921212121212122, 11.586868686868687 ], [ 76.042424242424246, 11.586868686868687 ], [ 76.1080808080808, 11.586868686868687 ], [ 76.214141414141409, 11.586868686868687 ], [ 76.274747474747471, 11.586868686868687 ], [ 75.855555555555554, 11.591919191919192 ], [ 75.911111111111111, 11.591919191919192 ], [ 76.042424242424246, 11.591919191919192 ], [ 76.103030303030295, 11.591919191919192 ], [ 76.224242424242419, 11.591919191919192 ], [ 76.264646464646461, 11.591919191919192 ], [ 75.865656565656565, 11.596969696969698 ], [ 75.901010101010101, 11.596969696969698 ], [ 76.052525252525243, 11.596969696969698 ], [ 76.097979797979789, 11.596969696969698 ], [ 76.067676767676758, 11.602020202020203 ], [ 76.077777777777769, 11.602020202020203 ], [ 75.815151515151513, 11.647474747474748 ], [ 75.825252525252523, 11.652525252525253 ], [ 75.966666666666669, 11.652525252525253 ], [ 76.002020202020205, 11.652525252525253 ], [ 76.133333333333326, 11.652525252525253 ], [ 76.173737373737367, 11.652525252525253 ], [ 75.830303030303028, 11.657575757575758 ], [ 75.956565656565658, 11.657575757575758 ], [ 76.012121212121215, 11.657575757575758 ], [ 76.128282828282821, 11.657575757575758 ], [ 76.178787878787873, 11.657575757575758 ], [ 75.835353535353534, 11.662626262626263 ], [ 75.951515151515153, 11.662626262626263 ], [ 76.017171717171721, 11.662626262626263 ], [ 76.123232323232315, 11.662626262626263 ], [ 76.183838383838378, 11.662626262626263 ], [ 75.835353535353534, 11.667676767676769 ], [ 75.946464646464648, 11.667676767676769 ], [ 76.022222222222226, 11.667676767676769 ], [ 76.11818181818181, 11.667676767676769 ], [ 76.188888888888883, 11.667676767676769 ], [ 75.835353535353534, 11.672727272727274 ], [ 75.941414141414143, 11.672727272727274 ], [ 76.027272727272731, 11.672727272727274 ], [ 76.113131313131305, 11.672727272727274 ], [ 76.193939393939388, 11.672727272727274 ], [ 76.294949494949492, 11.672727272727274 ], [ 75.840404040404039, 11.677777777777779 ], [ 75.941414141414143, 11.677777777777779 ], [ 76.032323232323236, 11.677777777777779 ], [ 76.113131313131305, 11.677777777777779 ], [ 76.193939393939388, 11.677777777777779 ], [ 76.294949494949492, 11.677777777777779 ], [ 75.840404040404039, 11.682828282828282 ], [ 75.941414141414143, 11.682828282828282 ], [ 76.032323232323236, 11.682828282828282 ], [ 76.113131313131305, 11.682828282828282 ], [ 76.193939393939388, 11.682828282828282 ], [ 76.289898989898987, 11.682828282828282 ], [ 75.840404040404039, 11.687878787878788 ], [ 75.936363636363637, 11.687878787878788 ], [ 76.032323232323236, 11.687878787878788 ], [ 76.113131313131305, 11.687878787878788 ], [ 76.193939393939388, 11.687878787878788 ], [ 76.289898989898987, 11.687878787878788 ], [ 75.835353535353534, 11.692929292929293 ], [ 75.941414141414143, 11.692929292929293 ], [ 76.032323232323236, 11.692929292929293 ], [ 76.11818181818181, 11.692929292929293 ], [ 76.188888888888883, 11.692929292929293 ], [ 76.289898989898987, 11.692929292929293 ], [ 75.830303030303028, 11.697979797979798 ], [ 75.941414141414143, 11.697979797979798 ], [ 76.032323232323236, 11.697979797979798 ], [ 76.123232323232315, 11.697979797979798 ], [ 76.183838383838378, 11.697979797979798 ], [ 76.289898989898987, 11.697979797979798 ], [ 75.815151515151513, 11.703030303030303 ], [ 75.946464646464648, 11.703030303030303 ], [ 76.032323232323236, 11.703030303030303 ], [ 76.294949494949492, 11.703030303030303 ], [ 75.961616161616163, 11.708080808080808 ], [ 76.022222222222226, 11.708080808080808 ], [ 76.249494949494945, 11.748484848484848 ], [ 76.25454545454545, 11.748484848484848 ], [ 76.239393939393935, 11.753535353535353 ], [ 76.264646464646461, 11.753535353535353 ], [ 76.23434343434343, 11.758585858585858 ], [ 76.264646464646461, 11.758585858585858 ], [ 75.885858585858585, 11.763636363636364 ], [ 75.901010101010101, 11.763636363636364 ], [ 76.229292929292924, 11.763636363636364 ], [ 76.269696969696966, 11.763636363636364 ], [ 75.88080808080808, 11.768686868686869 ], [ 75.911111111111111, 11.768686868686869 ], [ 76.229292929292924, 11.768686868686869 ], [ 76.274747474747471, 11.768686868686869 ], [ 75.875757575757575, 11.773737373737374 ], [ 75.916161616161617, 11.773737373737374 ], [ 76.224242424242419, 11.773737373737374 ], [ 76.274747474747471, 11.773737373737374 ], [ 75.87070707070707, 11.778787878787879 ], [ 75.921212121212122, 11.778787878787879 ], [ 76.219191919191914, 11.778787878787879 ], [ 76.279797979797976, 11.778787878787879 ], [ 75.865656565656565, 11.783838383838384 ], [ 75.921212121212122, 11.783838383838384 ], [ 76.219191919191914, 11.783838383838384 ], [ 76.279797979797976, 11.783838383838384 ], [ 75.865656565656565, 11.78888888888889 ], [ 75.931313131313132, 11.78888888888889 ], [ 76.214141414141409, 11.78888888888889 ], [ 76.284848484848482, 11.78888888888889 ], [ 75.860606060606059, 11.793939393939395 ], [ 75.936363636363637, 11.793939393939395 ], [ 76.209090909090904, 11.793939393939395 ], [ 76.289898989898987, 11.793939393939395 ], [ 75.860606060606059, 11.7989898989899 ], [ 75.956565656565658, 11.7989898989899 ], [ 76.193939393939388, 11.7989898989899 ], [ 76.294949494949492, 11.7989898989899 ], [ 75.855555555555554, 11.804040404040405 ], [ 75.9969696969697, 11.804040404040405 ], [ 76.163636363636357, 11.804040404040405 ], [ 75.8, 11.809090909090909 ], [ 75.860606060606059, 11.809090909090909 ], [ 75.88080808080808, 11.809090909090909 ], [ 76.012121212121215, 11.809090909090909 ], [ 76.133333333333326, 11.809090909090909 ], [ 75.850505050505049, 11.814141414141414 ], [ 75.911111111111111, 11.814141414141414 ], [ 76.012121212121215, 11.814141414141414 ], [ 76.123232323232315, 11.814141414141414 ], [ 76.224242424242419, 11.814141414141414 ], [ 76.284848484848482, 11.814141414141414 ], [ 75.850505050505049, 11.819191919191919 ], [ 75.921212121212122, 11.819191919191919 ], [ 76.012121212121215, 11.819191919191919 ], [ 76.123232323232315, 11.819191919191919 ], [ 76.219191919191914, 11.819191919191919 ], [ 76.294949494949492, 11.819191919191919 ], [ 75.845454545454544, 11.824242424242424 ], [ 75.926262626262627, 11.824242424242424 ], [ 76.012121212121215, 11.824242424242424 ], [ 76.123232323232315, 11.824242424242424 ], [ 76.209090909090904, 11.824242424242424 ], [ 75.840404040404039, 11.829292929292929 ], [ 75.936363636363637, 11.829292929292929 ], [ 76.012121212121215, 11.829292929292929 ], [ 76.123232323232315, 11.829292929292929 ], [ 76.204040404040398, 11.829292929292929 ], [ 75.840404040404039, 11.834343434343435 ], [ 75.941414141414143, 11.834343434343435 ], [ 76.00707070707071, 11.834343434343435 ], [ 76.123232323232315, 11.834343434343435 ], [ 76.204040404040398, 11.834343434343435 ], [ 75.835353535353534, 11.83939393939394 ], [ 75.946464646464648, 11.83939393939394 ], [ 76.002020202020205, 11.83939393939394 ], [ 76.128282828282821, 11.83939393939394 ], [ 76.198989898989893, 11.83939393939394 ], [ 75.830303030303028, 11.844444444444445 ], [ 75.951515151515153, 11.844444444444445 ], [ 75.9969696969697, 11.844444444444445 ], [ 76.128282828282821, 11.844444444444445 ], [ 76.193939393939388, 11.844444444444445 ], [ 75.825252525252523, 11.84949494949495 ], [ 75.956565656565658, 11.84949494949495 ], [ 75.991919191919195, 11.84949494949495 ], [ 76.133333333333326, 11.84949494949495 ], [ 76.188888888888883, 11.84949494949495 ], [ 75.820202020202018, 11.854545454545455 ], [ 76.138383838383831, 11.854545454545455 ], [ 76.183838383838378, 11.854545454545455 ], [ 75.815151515151513, 11.859595959595961 ], [ 76.143434343434336, 11.859595959595961 ], [ 76.178787878787873, 11.859595959595961 ], [ 76.148484848484841, 11.864646464646466 ], [ 76.168686868686862, 11.864646464646466 ] ] } },
{ "type": "Feature", "properties": { "elevation_m": 800.0 }, "geometry": { "type": "LineString", "coordinates": [ [ 75.885858585858585, 11.4 ], [ 75.901010101010101, 11.4 ], [ 76.042424242424246, 11.4 ], [ 76.087878787878779, 11.4 ], [ 76.23434343434343, 11.4 ], [ 76.274747474747471, 11.4 ], [ 75.875757575757575, 11.405050505050506 ], [ 75.911111111111111, 11.405050505050506 ], [ 76.037373737373741, 11.405050505050506 ], [ 76.092929292929284, 11.405050505050506 ], [ 76.229292929292924, 11.405050505050506 ], [ 76.279797979797976, 11.405050505050506 ], [ 75.87070707070707, 11.410101010101011 ], [ 75.916161616161617, 11.410101010101011 ], [ 76.032323232323236, 11.410101010101011 ], [ 76.092929292929284, 11.410101010101011 ], [ 76.224242424242419, 11.410101010101011 ], [ 76.284848484848482, 11.410101010101011 ], [ 75.865656565656565, 11.415151515151516 ], [ 75.921212121212122, 11.415151515151516 ], [ 76.027272727272731, 11.415151515151516 ], [ 76.097979797979789, 11.415151515151516 ], [ 76.219191919191914, 11.415151515151516 ], [ 76.289898989898987, 11.415151515151516 ], [ 75.865656565656565, 11.420202020202021 ], [ 75.926262626262627, 11.420202020202021 ], [ 76.027272727272731, 11.420202020202021 ], [ 76.097979797979789, 11.420202020202021 ], [ 76.214141414141409, 11.420202020202021 ], [ 76.294949494949492, 11.420202020202021 ], [ 75.865656565656565, 11.425252525252526 ], [ 75.931313131313132, 11.425252525252526 ], [ 76.022222222222226, 11.425252525252526 ], [ 76.097979797979789, 11.425252525252526 ], [ 76.214141414141409, 11.425252525252526 ], [ 76.294949494949492, 11.425252525252526 ], [ 75.865656565656565, 11.430303030303032 ], [ 75.936363636363637, 11.430303030303032 ], [ 76.022222222222226, 11.430303030303032 ], [ 76.092929292929284, 11.430303030303032 ], [ 76.214141414141409, 11.430303030303032 ], [ 75.87070707070707, 11.435353535353535 ], [ 75.941414141414143, 11.435353535353535 ], [ 76.017171717171721, 11.435353535353535 ], [ 76.082828282828274, 11.435353535353535 ], [ 76.214141414141409, 11.435353535353535 ], [ 75.890909090909091, 11.44040404040404 ], [ 75.976767676767679, 11.44040404040404 ], [ 76.012121212121215, 11.44040404040404 ], [ 76.042424242424246, 11.44040404040404 ], [ 76.219191919191914, 11.44040404040404 ], [ 75.926262626262627, 11.445454545454545 ], [ 76.012121212121215, 11.445454545454545 ], [ 76.249494949494945, 11.445454545454545 ], [ 75.936363636363637, 11.450505050505051 ], [ 76.00707070707071, 11.450505050505051 ], [ 76.294949494949492, 11.450505050505051 ], [ 75.941414141414143, 11.455555555555556 ], [ 76.00707070707071, 11.455555555555556 ], [ 75.946464646464648, 11.460606060606061 ], [ 76.002020202020205, 11.460606060606061 ], [ 75.951515151515153, 11.465656565656566 ], [ 76.002020202020205, 11.465656565656566 ], [ 75.956565656565658, 11.470707070707071 ], [ 75.9969696969697, 11.470707070707071 ], [ 75.956565656565658, 11.475757575757576 ], [ 75.991919191919195, 11.475757575757576 ], [ 75.961616161616163, 11.480808080808082 ], [ 75.986868686868689, 11.480808080808082 ], [ 75.971717171717174, 11.485858585858587 ], [ 75.981818181818184, 11.485858585858587 ], [ 75.855555555555554, 11.541414141414142 ], [ 75.911111111111111, 11.541414141414142 ], [ 76.224242424242419, 11.541414141414142 ], [ 76.239393939393935, 11.541414141414142 ], [ 75.845454545454544, 11.546464646464647 ], [ 75.926262626262627, 11.546464646464647 ], [ 76.067676767676758, 11.546464646464647 ], [ 76.087878787878779, 11.546464646464647 ], [ 76.204040404040398, 11.546464646464647 ], [ 76.269696969696966, 11.546464646464647 ], [ 75.840404040404039, 11.551515151515153 ], [ 75.926262626262627, 11.551515151515153 ], [ 76.047474747474752, 11.551515151515153 ], [ 76.1080808080808, 11.551515151515153 ], [ 76.198989898989893, 11.551515151515153 ], [ 76.279797979797976, 11.551515151515153 ], [ 75.840404040404039, 11.556565656565656 ], [ 75.931313131313132, 11.556565656565656 ], [ 76.037373737373741, 11.556565656565656 ], [ 76.113131313131305, 11.556565656565656 ], [ 76.198989898989893, 11.556565656565656 ], [ 76.279797979797976, 11.556565656565656 ], [ 75.840404040404039, 11.561616161616161 ], [ 75.931313131313132, 11.561616161616161 ], [ 76.037373737373741, 11.561616161616161 ], [ 76.113131313131305, 11.561616161616161 ], [ 76.198989898989893, 11.561616161616161 ], [ 76.284848484848482, 11.561616161616161 ], [ 75.840404040404039, 11.566666666666666 ], [ 75.931313131313132, 11.566666666666666 ], [ 76.037373737373741, 11.566666666666666 ], [ 76.113131313131305, 11.566666666666666 ], [ 76.204040404040398, 11.566666666666666 ], [ 76.284848484848482, 11.566666666666666 ], [ 75.840404040404039, 11.571717171717172 ], [ 75.926262626262627, 11.571717171717172 ], [ 76.037373737373741, 11.571717171717172 ], [ 76.113131313131305, 11.571717171717172 ], [ 76.204040404040398, 11.571717171717172 ], [ 76.279797979797976, 11.571717171717172 ], [ 75.845454545454544, 11.576767676767677 ], [ 75.926262626262627, 11.576767676767677 ], [ 76.037373737373741, 11.576767676767677 ], [ 76.113131313131305, 11.576767676767677 ], [ 76.209090909090904, 11.576767676767677 ], [ 76.279797979797976, 11.576767676767677 ], [ 75.850505050505049, 11.581818181818182 ], [ 75.921212121212122, 11.581818181818182 ], [ 76.037373737373741, 11.581818181818182 ], [ 76.1080808080808, 11.581818181818182 ], [ 76.214141414141409, 11.581818181818182 ], [ 76.274747474747471, 11.581818181818182 ], [ 75.855555555555554, 11.586868686868687 ], [ 75.916161616161617, 11.586868686868687 ], [ 76.042424242424246, 11.586868686868687 ], [ 76.103030303030295, 11.586868686868687 ], [ 76.219191919191914, 11.586868686868687 ], [ 76.269696969696966, 11.586868686868687 ], [ 75.860606060606059, 11.591919191919192 ], [ 75.911111111111111, 11.591919191919192 ], [ 76.047474747474752, 11.591919191919192 ], [ 76.097979797979789, 11.591919191919192 ], [ 76.229292929292924, 11.591919191919192 ], [ 76.259595959595956, 11.591919191919192 ], [ 75.875757575757575, 11.596969696969698 ], [ 75.895959595959596, 11.596969696969698 ], [ 76.057575757575748, 11.596969696969698 ], [ 76.087878787878779, 11.596969696969698 ], [ 75.810101010101008, 11.647474747474748 ], [ 75.820202020202018, 11.652525252525253 ], [ 75.976767676767679, 11.652525252525253 ], [ 75.991919191919195, 11.652525252525253 ], [ 76.138383838383831, 11.652525252525253 ], [ 76.163636363636357, 11.652525252525253 ], [ 75.825252525252523, 11.657575757575758 ], [ 75.961616161616163, 11.657575757575758 ], [ 76.00707070707071, 11.657575757575758 ], [ 76.128282828282821, 11.657575757575758 ], [ 76.178787878787873, 11.657575757575758 ], [ 75.830303030303028, 11.662626262626263 ], [ 75.956565656565658, 11.662626262626263 ], [ 76.012121212121215, 11.662626262626263 ], [ 76.123232323232315, 11.662626262626263 ], [ 76.183838383838378, 11.662626262626263 ], [ 75.835353535353534, 11.667676767676769 ], [ 75.951515151515153, 11.667676767676769 ], [ 76.017171717171721, 11.667676767676769 ], [ 76.123232323232315, 11.667676767676769 ], [ 76.183838383838378, 11.667676767676769 ], [ 75.835353535353534, 11.672727272727274 ], [ 75.946464646464648, 11.672727272727274 ], [ 76.022222222222226, 11.672727272727274 ], [ 76.11818181818181, 11.672727272727274 ], [ 76.188888888888883, 11.672727272727274 ], [ 75.835353535353534, 11.677777777777779 ], [ 75.941414141414143, 11.677777777777779 ], [ 76.027272727272731, 11.677777777777779 ], [ 76.11818181818181, 11.677777777777779 ], [ 76.188888888888883, 11.677777777777779 ], [ 76.294949494949492, 11.677777777777779 ], [ 75.835353535353534, 11.682828282828282 ], [ 75.941414141414143, 11.682828282828282 ], [ 76.027272727272731, 11.682828282828282 ], [ 76.11818181818181, 11.682828282828282 ], [ 76.188888888888883, 11.682828282828282 ], [ 76.294949494949492, 11.682828282828282 ], [ 75.835353535353534, 11.687878787878788 ], [ 75.941414141414143, 11.687878787878788 ], [ 76.027272727272731, 11.687878787878788 ], [ 76.11818181818181, 11.687878787878788 ], [ 76.188888888888883, 11.687878787878788 ], [ 76.294949494949492, 11.687878787878788 ], [ 75.830303030303028, 11.692929292929293 ], [ 75.941414141414143, 11.692929292929293 ], [ 76.027272727272731, 11.692929292929293 ], [ 76.123232323232315, 11.692929292929293 ], [ 76.183838383838378, 11.692929292929293 ], [ 76.294949494949492, 11.692929292929293 ], [ 75.825252525252523, 11.697979797979798 ], [ 75.946464646464648, 11.697979797979798 ], [ 76.027272727272731, 11.697979797979798 ], [ 76.133333333333326, 11.697979797979798 ], [ 76.173737373737367, 11.697979797979798 ], [ 76.294949494949492, 11.697979797979798 ], [ 75.8, 11.703030303030303 ], [ 75.956565656565658, 11.703030303030303 ], [ 76.022222222222226, 11.703030303030303 ], [ 75.986868686868689, 11.708080808080808 ], [ 75.9969696969697, 11.708080808080808 ], [ 76.24444444444444, 11.758585858585858 ], [ 76.259595959595956, 11.758585858585858 ], [ 76.23434343434343, 11.763636363636364 ], [ 76.264646464646461, 11.763636363636364 ], [ 75.890909090909091, 11.768686868686869 ], [ 75.901010101010101, 11.768686868686869 ], [ 76.23434343434343, 11.768686868686869 ], [ 76.269696969696966, 11.768686868686869 ], [ 75.88080808080808, 11.773737373737374 ], [ 75.906060606060606, 11.773737373737374 ], [ 76.229292929292924, 11.773737373737374 ], [ 76.269696969696966, 11.773737373737374 ], [ 75.875757575757575, 11.778787878787879 ], [ 75.911111111111111, 11.778787878787879 ], [ 76.224242424242419, 11.778787878787879 ], [ 76.274747474747471, 11.778787878787879 ], [ 75.875757575757575, 11.783838383838384 ], [ 75.916161616161617, 11.783838383838384 ], [ 76.224242424242419, 11.783838383838384 ], [ 76.274747474747471, 11.783838383838384 ], [ 75.87070707070707, 11.78888888888889 ], [ 75.921212121212122, 11.78888888888889 ], [ 76.219191919191914, 11.78888888888889 ], [ 76.279797979797976, 11.78888888888889 ], [ 75.87070707070707, 11.793939393939395 ], [ 75.926262626262627, 11.793939393939395 ], [ 76.214141414141409, 11.793939393939395 ], [ 76.279797979797976, 11.793939393939395 ], [ 75.87070707070707, 11.7989898989899 ], [ 75.941414141414143, 11.7989898989899 ], [ 76.209090909090904, 11.7989898989899 ], [ 76.284848484848482, 11.7989898989899 ], [ 75.88080808080808, 11.804040404040405 ], [ 75.971717171717174, 11.804040404040405 ], [ 76.188888888888883, 11.804040404040405 ], [ 76.279797979797976, 11.804040404040405 ], [ 75.911111111111111, 11.809090909090909 ], [ 76.002020202020205, 11.809090909090909 ], [ 76.143434343434336, 11.809090909090909 ], [ 76.229292929292924, 11.809090909090909 ], [ 75.835353535353534, 11.814141414141414 ], [ 75.921212121212122, 11.814141414141414 ], [ 76.00707070707071, 11.814141414141414 ], [ 76.128282828282821, 11.814141414141414 ], [ 76.214141414141409, 11.814141414141414 ], [ 75.840404040404039, 11.819191919191919 ], [ 75.931313131313132, 11.819191919191919 ], [ 76.00707070707071, 11.819191919191919 ], [ 76.128282828282821, 11.819191919191919 ], [ 76.209090909090904, 11.819191919191919 ], [ 75.840404040404039, 11.824242424242424 ], [ 75.936363636363637, 11.824242424242424 ], [ 76.00707070707071, 11.824242424242424 ], [ 76.123232323232315, 11.824242424242424 ], [ 76.204040404040398, 11.824242424242424 ], [ 75.835353535353534, 11.829292929292929 ], [ 75.936363636363637, 11.829292929292929 ], [ 76.00707070707071, 11.829292929292929 ], [ 76.128282828282821, 11.829292929292929 ], [ 76.204040404040398, 11.829292929292929 ], [ 75.835353535353534, 11.834343434343435 ], [ 75.941414141414143, 11.834343434343435 ], [ 76.002020202020205, 11.834343434343435 ], [ 76.128282828282821, 11.834343434343435 ], [ 76.198989898989893, 11.834343434343435 ], [ 75.830303030303028, 11.83939393939394 ], [ 75.946464646464648, 11.83939393939394 ], [ 76.002020202020205, 11.83939393939394 ], [ 76.128282828282821, 11.83939393939394 ], [ 76.193939393939388, 11.83939393939394 ], [ 75.825252525252523, 11.844444444444445 ], [ 75.956565656565658, 11.844444444444445 ], [ 75.9969696969697, 11.844444444444445 ], [ 76.133333333333326, 11.844444444444445 ], [ 76.188888888888883, 11.844444444444445 ], [ 75.820202020202018, 11.84949494949495 ], [ 75.966666666666669, 11.84949494949495 ], [ 75.986868686868689, 11.84949494949495 ], [ 76.138383838383831, 11.84949494949495 ], [ 76.188888888888883, 11.84949494949495 ], [ 75.815151515151513, 11.854545454545455 ], [ 76.138383838383831, 11.854545454545455 ], [ 76.178787878787873, 11.854545454545455 ], [ 76.148484848484841, 11.859595959595961 ], [ 76.173737373737367, 11.859595959595961 ] ] } },
{ "type": "Feature", "properties": { "elevation_m": 850.0 }, "geometry": { "type": "LineString", "coordinates": [ [ 76.047474747474752, 11.4 ], [ 76.082828282828274, 11.4 ], [ 76.239393939393935, 11.4 ], [ 76.269696969696966, 11.4 ], [ 75.88080808080808, 11.405050505050506 ], [ 75.901010101010101, 11.405050505050506 ], [ 76.042424242424246, 11.405050505050506 ], [ 76.087878787878779, 11.405050505050506 ], [ 76.229292929292924, 11.405050505050506 ], [ 76.274747474747471, 11.405050505050506 ], [ 75.875757575757575, 11.410101010101011 ], [ 75.911111111111111, 11.410101010101011 ], [ 76.037373737373741, 11.410101010101011 ], [ 76.092929292929284, 11.410101010101011 ], [ 76.224242424242419, 11.410101010101011 ], [ 76.279797979797976, 11.410101010101011 ], [ 75.87070707070707, 11.415151515151516 ], [ 75.916161616161617, 11.415151515151516 ], [ 76.032323232323236, 11.415151515151516 ], [ 76.092929292929284, 11.415151515151516 ], [ 76.224242424242419, 11.415151515151516 ], [ 76.284848484848482, 11.415151515151516 ], [ 75.87070707070707, 11.420202020202021 ], [ 75.921212121212122, 11.420202020202021 ], [ 76.032323232323236, 11.420202020202021 ], [ 76.092929292929284, 11.420202020202021 ], [ 76.219191919191914, 11.420202020202021 ], [ 76.289898989898987, 11.420202020202021 ], [ 75.87070707070707, 11.425252525252526 ], [ 75.926262626262627, 11.425252525252526 ], [ 76.027272727272731, 11.425252525252526 ], [ 76.092929292929284, 11.425252525252526 ], [ 76.219191919191914, 11.425252525252526 ], [ 76.289898989898987, 11.425252525252526 ], [ 75.87070707070707, 11.430303030303032 ], [ 75.926262626262627, 11.430303030303032 ], [ 76.027272727272731, 11.430303030303032 ], [ 76.087878787878779, 11.430303030303032 ], [ 76.219191919191914, 11.430303030303032 ], [ 76.294949494949492, 11.430303030303032 ], [ 75.88080808080808, 11.435353535353535 ], [ 75.926262626262627, 11.435353535353535 ], [ 76.037373737373741, 11.435353535353535 ], [ 76.072727272727263, 11.435353535353535 ], [ 76.219191919191914, 11.435353535353535 ], [ 76.294949494949492, 11.435353535353535 ], [ 76.229292929292924, 11.44040404040404 ], [ 75.956565656565658, 11.445454545454545 ], [ 75.981818181818184, 11.445454545454545 ], [ 75.951515151515153, 11.450505050505051 ], [ 75.9969696969697, 11.450505050505051 ], [ 75.951515151515153, 11.455555555555556 ], [ 75.9969696969697, 11.455555555555556 ], [ 75.951515151515153, 11.460606060606061 ], [ 75.9969696969697, 11.460606060606061 ], [ 75.956565656565658, 11.465656565656566 ], [ 75.991919191919195, 11.465656565656566 ], [ 75.961616161616163, 11.470707070707071 ], [ 75.991919191919195, 11.470707070707071 ], [ 75.966666666666669, 11.475757575757576 ], [ 75.986868686868689, 11.475757575757576 ], [ 75.87070707070707, 11.541414141414142 ], [ 75.895959595959596, 11.541414141414142 ], [ 75.850505050505049, 11.546464646464647 ], [ 75.916161616161617, 11.546464646464647 ], [ 76.214141414141409, 11.546464646464647 ], [ 76.259595959595956, 11.546464646464647 ], [ 75.845454545454544, 11.551515151515153 ], [ 75.926262626262627, 11.551515151515153 ], [ 76.052525252525243, 11.551515151515153 ], [ 76.097979797979789, 11.551515151515153 ], [ 76.209090909090904, 11.551515151515153 ], [ 76.274747474747471, 11.551515151515153 ], [ 75.845454545454544, 11.556565656565656 ], [ 75.926262626262627, 11.556565656565656 ], [ 76.042424242424246, 11.556565656565656 ], [ 76.1080808080808, 11.556565656565656 ], [ 76.204040404040398, 11.556565656565656 ], [ 76.274747474747471, 11.556565656565656 ], [ 75.845454545454544, 11.561616161616161 ], [ 75.926262626262627, 11.561616161616161 ], [ 76.042424242424246, 11.561616161616161 ], [ 76.1080808080808, 11.561616161616161 ], [ 76.204040404040398, 11.561616161616161 ], [ 76.279797979797976, 11.561616161616161 ], [ 75.845454545454544, 11.566666666666666 ], [ 75.926262626262627, 11.566666666666666 ], [ 76.037373737373741, 11.566666666666666 ], [ 76.113131313131305, 11.566666666666666 ], [ 76.204040404040398, 11.566666666666666 ], [ 76.279797979797976, 11.566666666666666 ], [ 75.845454545454544, 11.571717171717172 ], [ 75.926262626262627, 11.571717171717172 ], [ 76.037373737373741, 11.571717171717172 ], [ 76.1080808080808, 11.571717171717172 ], [ 76.209090909090904, 11.571717171717172 ], [ 76.279797979797976, 11.571717171717172 ], [ 75.850505050505049, 11.576767676767677 ], [ 75.921212121212122, 11.576767676767677 ], [ 76.042424242424246, 11.576767676767677 ], [ 76.1080808080808, 11.576767676767677 ], [ 76.214141414141409, 11.576767676767677 ], [ 76.274747474747471, 11.576767676767677 ], [ 75.850505050505049, 11.581818181818182 ], [ 75.916161616161617, 11.581818181818182 ], [ 76.042424242424246, 11.581818181818182 ], [ 76.103030303030295, 11.581818181818182 ], [ 76.219191919191914, 11.581818181818182 ], [ 76.269696969696966, 11.581818181818182 ], [ 75.855555555555554, 11.586868686868687 ], [ 75.911111111111111, 11.586868686868687 ], [ 76.047474747474752, 11.586868686868687 ], [ 76.097979797979789, 11.586868686868687 ], [ 76.224242424242419, 11.586868686868687 ], [ 76.264646464646461, 11.586868686868687 ], [ 75.865656565656565, 11.591919191919192 ], [ 75.906060606060606, 11.591919191919192 ], [ 76.052525252525243, 11.591919191919192 ], [ 76.092929292929284, 11.591919191919192 ], [ 76.067676767676758, 11.596969696969698 ], [ 76.077777777777769, 11.596969696969698 ], [ 75.815151515151513, 11.652525252525253 ], [ 75.820202020202018, 11.657575757575758 ], [ 75.966666666666669, 11.657575757575758 ], [ 76.002020202020205, 11.657575757575758 ], [ 76.138383838383831, 11.657575757575758 ], [ 76.168686868686862, 11.657575757575758 ], [ 75.825252525252523, 11.662626262626263 ], [ 75.956565656565658, 11.662626262626263 ], [ 76.012121212121215, 11.662626262626263 ], [ 76.128282828282821, 11.662626262626263 ], [ 76.178787878787873, 11.662626262626263 ], [ 75.830303030303028, 11.667676767676769 ], [ 75.951515151515153, 11.667676767676769 ], [ 76.017171717171721, 11.667676767676769 ], [ 76.123232323232315, 11.667676767676769 ], [ 76.183838383838378, 11.667676767676769 ], [ 75.830303030303028, 11.672727272727274 ], [ 75.946464646464648, 11.672727272727274 ], [ 76.022222222222226, 11.672727272727274 ], [ 76.123232323232315, 11.672727272727274 ], [ 76.183838383838378, 11.672727272727274 ], [ 75.830303030303028, 11.677777777777779 ], [ 75.946464646464648, 11.677777777777779 ], [ 76.022222222222226, 11.677777777777779 ], [ 76.123232323232315, 11.677777777777779 ], [ 76.188888888888883, 11.677777777777779 ], [ 75.830303030303028, 11.682828282828282 ], [ 75.946464646464648, 11.682828282828282 ], [ 76.022222222222226, 11.682828282828282 ], [ 76.123232323232315, 11.682828282828282 ], [ 76.188888888888883, 11.682828282828282 ], [ 75.830303030303028, 11.687878787878788 ], [ 75.946464646464648, 11.687878787878788 ], [ 76.027272727272731, 11.687878787878788 ], [ 76.123232323232315, 11.687878787878788 ], [ 76.183838383838378, 11.687878787878788 ], [ 76.294949494949492, 11.687878787878788 ], [ 75.825252525252523, 11.692929292929293 ], [ 75.946464646464648, 11.692929292929293 ], [ 76.022222222222226, 11.692929292929293 ], [ 76.128282828282821, 11.692929292929293 ], [ 76.178787878787873, 11.692929292929293 ], [ 75.815151515151513, 11.697979797979798 ], [ 75.951515151515153, 11.697979797979798 ], [ 76.022222222222226, 11.697979797979798 ], [ 75.961616161616163, 11.703030303030303 ], [ 76.012121212121215, 11.703030303030303 ], [ 76.24444444444444, 11.763636363636364 ], [ 76.25454545454545, 11.763636363636364 ], [ 76.239393939393935, 11.768686868686869 ], [ 76.259595959595956, 11.768686868686869 ], [ 76.23434343434343, 11.773737373737374 ], [ 76.264646464646461, 11.773737373737374 ], [ 75.885858585858585, 11.778787878787879 ], [ 75.901010101010101, 11.778787878787879 ], [ 76.229292929292924, 11.778787878787879 ], [ 76.269696969696966, 11.778787878787879 ], [ 75.88080808080808, 11.783838383838384 ], [ 75.911111111111111, 11.783838383838384 ], [ 76.229292929292924, 11.783838383838384 ], [ 76.269696969696966, 11.783838383838384 ], [ 75.88080808080808, 11.78888888888889 ], [ 75.911111111111111, 11.78888888888889 ], [ 76.224242424242419, 11.78888888888889 ], [ 76.274747474747471, 11.78888888888889 ], [ 75.88080808080808, 11.793939393939395 ], [ 75.916161616161617, 11.793939393939395 ], [ 76.224242424242419, 11.793939393939395 ], [ 76.274747474747471, 11.793939393939395 ], [ 75.885858585858585, 11.7989898989899 ], [ 75.921212121212122, 11.7989898989899 ], [ 76.224242424242419, 11.7989898989899 ], [ 76.269696969696966, 11.7989898989899 ], [ 75.931313131313132, 11.809090909090909 ], [ 75.986868686868689, 11.809090909090909 ], [ 76.158585858585852, 11.809090909090909 ], [ 76.204040404040398, 11.809090909090909 ], [ 75.931313131313132, 11.814141414141414 ], [ 76.002020202020205, 11.814141414141414 ], [ 76.138383838383831, 11.814141414141414 ], [ 76.204040404040398, 11.814141414141414 ], [ 75.830303030303028, 11.819191919191919 ], [ 75.936363636363637, 11.819191919191919 ], [ 76.002020202020205, 11.819191919191919 ], [ 76.133333333333326, 11.819191919191919 ], [ 76.204040404040398, 11.819191919191919 ], [ 75.830303030303028, 11.824242424242424 ], [ 75.941414141414143, 11.824242424242424 ], [ 76.002020202020205, 11.824242424242424 ], [ 76.128282828282821, 11.824242424242424 ], [ 76.198989898989893, 11.824242424242424 ], [ 75.830303030303028, 11.829292929292929 ], [ 75.941414141414143, 11.829292929292929 ], [ 76.002020202020205, 11.829292929292929 ], [ 76.128282828282821, 11.829292929292929 ], [ 76.198989898989893, 11.829292929292929 ], [ 75.830303030303028, 11.834343434343435 ], [ 75.946464646464648, 11.834343434343435 ], [ 75.9969696969697, 11.834343434343435 ], [ 76.133333333333326, 11.834343434343435 ], [ 76.193939393939388, 11.834343434343435 ], [ 75.825252525252523, 11.83939393939394 ], [ 75.951515151515153, 11.83939393939394 ], [ 75.9969696969697, 11.83939393939394 ], [ 76.133333333333326, 11.83939393939394 ], [ 76.188888888888883, 11.83939393939394 ], [ 75.820202020202018, 11.844444444444445 ], [ 75.961616161616163, 11.844444444444445 ], [ 75.986868686868689, 11.844444444444445 ], [ 76.138383838383831, 11.844444444444445 ], [ 76.188888888888883, 11.844444444444445 ], [ 75.815151515151513, 11.84949494949495 ], [ 76.138383838383831, 11.84949494949495 ], [ 76.183838383838378, 11.84949494949495 ], [ 76.143434343434336, 11.854545454545455 ], [ 76.173737373737367, 11.854545454545455 ] ] } },
{ "type": "Feature", "properties": { "elevation_m": 900.0 }, "geometry": { "type": "LineString", "coordinates": [ [ 76.052525252525243, 11.4 ], [ 76.077777777777769, 11.4 ], [ 76.249494949494945, 11.4 ], [ 76.259595959595956, 11.4 ], [ 76.047474747474752, 11.405050505050506 ], [ 76.082828282828274, 11.405050505050506 ], [ 76.23434343434343, 11.405050505050506 ], [ 76.269696969696966, 11.405050505050506 ], [ 75.885858585858585, 11.410101010101011 ], [ 75.901010101010101, 11.410101010101011 ], [ 76.042424242424246, 11.410101010101011 ], [ 76.087878787878779, 11.410101010101011 ], [ 76.229292929292924, 11.410101010101011 ], [ 76.274747474747471, 11.410101010101011 ], [ 75.875757575757575, 11.415151515151516 ], [ 75.911111111111111, 11.415151515151516 ], [ 76.037373737373741, 11.415151515151516 ], [ 76.087878787878779, 11.415151515151516 ], [ 76.229292929292924, 11.415151515151516 ], [ 76.279797979797976, 11.415151515151516 ], [ 75.875757575757575, 11.420202020202021 ], [ 75.916161616161617, 11.420202020202021 ], [ 76.037373737373741, 11.420202020202021 ], [ 76.087878787878779, 11.420202020202021 ], [ 76.224242424242419, 11.420202020202021 ], [ 76.284848484848482, 11.420202020202021 ], [ 75.875757575757575, 11.425252525252526 ], [ 75.916161616161617, 11.425252525252526 ], [ 76.037373737373741, 11.425252525252526 ], [ 76.087878787878779, 11.425252525252526 ], [ 76.224242424242419, 11.425252525252526 ], [ 76.284848484848482, 11.425252525252526 ], [ 75.88080808080808, 11.430303030303032 ], [ 75.916161616161617, 11.430303030303032 ], [ 76.037373737373741, 11.430303030303032 ], [ 76.077777777777769, 11.430303030303032 ], [ 76.224242424242419, 11.430303030303032 ], [ 76.289898989898987, 11.430303030303032 ], [ 76.229292929292924, 11.435353535353535 ], [ 76.284848484848482, 11.435353535353535 ], [ 76.25454545454545, 11.44040404040404 ], [ 76.269696969696966, 11.44040404040404 ], [ 75.961616161616163, 11.455555555555556 ], [ 75.986868686868689, 11.455555555555556 ], [ 75.961616161616163, 11.460606060606061 ], [ 75.986868686868689, 11.460606060606061 ], [ 75.966666666666669, 11.465656565656566 ], [ 75.986868686868689, 11.465656565656566 ], [ 75.971717171717174, 11.470707070707071 ], [ 75.976767676767679, 11.470707070707071 ], [ 75.860606060606059, 11.546464646464647 ], [ 75.911111111111111, 11.546464646464647 ], [ 76.229292929292924, 11.546464646464647 ], [ 76.249494949494945, 11.546464646464647 ], [ 75.850505050505049, 11.551515151515153 ], [ 75.921212121212122, 11.551515151515153 ], [ 76.062626262626253, 11.551515151515153 ], [ 76.087878787878779, 11.551515151515153 ], [ 76.214141414141409, 11.551515151515153 ], [ 76.264646464646461, 11.551515151515153 ], [ 75.845454545454544, 11.556565656565656 ], [ 75.921212121212122, 11.556565656565656 ], [ 76.047474747474752, 11.556565656565656 ], [ 76.103030303030295, 11.556565656565656 ], [ 76.209090909090904, 11.556565656565656 ], [ 76.274747474747471, 11.556565656565656 ], [ 75.845454545454544, 11.561616161616161 ], [ 75.921212121212122, 11.561616161616161 ], [ 76.042424242424246, 11.561616161616161 ], [ 76.103030303030295, 11.561616161616161 ], [ 76.209090909090904, 11.561616161616161 ], [ 76.274747474747471, 11.561616161616161 ], [ 75.845454545454544, 11.566666666666666 ], [ 75.921212121212122, 11.566666666666666 ], [ 76.042424242424246, 11.566666666666666 ], [ 76.1080808080808, 11.566666666666666 ], [ 76.209090909090904, 11.566666666666666 ], [ 76.274747474747471, 11.566666666666666 ], [ 75.850505050505049, 11.571717171717172 ], [ 75.921212121212122, 11.571717171717172 ], [ 76.042424242424246, 11.571717171717172 ], [ 76.1080808080808, 11.571717171717172 ], [ 76.214141414141409, 11.571717171717172 ], [ 76.274747474747471, 11.571717171717172 ], [ 75.850505050505049, 11.576767676767677 ], [ 75.916161616161617, 11.576767676767677 ], [ 76.042424242424246, 11.576767676767677 ], [ 76.103030303030295, 11.576767676767677 ], [ 76.214141414141409, 11.576767676767677 ], [ 76.269696969696966, 11.576767676767677 ], [ 75.855555555555554, 11.581818181818182 ], [ 75.916161616161617, 11.581818181818182 ], [ 76.047474747474752, 11.581818181818182 ], [ 76.103030303030295, 11.581818181818182 ], [ 76.224242424242419, 11.581818181818182 ], [ 76.264646464646461, 11.581818181818182 ], [ 75.860606060606059, 11.586868686868687 ], [ 75.906060606060606, 11.586868686868687 ], [ 76.052525252525243, 11.586868686868687 ], [ 76.097979797979789, 11.586868686868687 ], [ 76.23434343434343, 11.586868686868687 ], [ 76.25454545454545, 11.586868686868687 ], [ 75.87070707070707, 11.591919191919192 ], [ 75.895959595959596, 11.591919191919192 ], [ 76.057575757575748, 11.591919191919192 ], [ 76.087878787878779, 11.591919191919192 ], [ 75.805050505050502, 11.652525252525253 ], [ 75.820202020202018, 11.657575757575758 ], [ 75.971717171717174, 11.657575757575758 ], [ 75.991919191919195, 11.657575757575758 ], [ 76.143434343434336, 11.657575757575758 ], [ 76.163636363636357, 11.657575757575758 ], [ 75.825252525252523, 11.662626262626263 ], [ 75.961616161616163, 11.662626262626263 ], [ 76.00707070707071, 11.662626262626263 ], [ 76.133333333333326, 11.662626262626263 ], [ 76.173737373737367, 11.662626262626263 ], [ 75.825252525252523, 11.667676767676769 ], [ 75.956565656565658, 11.667676767676769 ], [ 76.012121212121215, 11.667676767676769 ], [ 76.128282828282821, 11.667676767676769 ], [ 76.178787878787873, 11.667676767676769 ], [ 75.830303030303028, 11.672727272727274 ], [ 75.951515151515153, 11.672727272727274 ], [ 76.017171717171721, 11.672727272727274 ], [ 76.128282828282821, 11.672727272727274 ], [ 76.183838383838378, 11.672727272727274 ], [ 75.830303030303028, 11.677777777777779 ], [ 75.951515151515153, 11.677777777777779 ], [ 76.017171717171721, 11.677777777777779 ], [ 76.123232323232315, 11.677777777777779 ], [ 76.183838383838378, 11.677777777777779 ], [ 75.830303030303028, 11.682828282828282 ], [ 75.946464646464648, 11.682828282828282 ], [ 76.022222222222226, 11.682828282828282 ], [ 76.128282828282821, 11.682828282828282 ], [ 76.183838383838378, 11.682828282828282 ], [ 75.825252525252523, 11.687878787878788 ], [ 75.951515151515153, 11.687878787878788 ], [ 76.022222222222226, 11.687878787878788 ], [ 76.128282828282821, 11.687878787878788 ], [ 76.178787878787873, 11.687878787878788 ], [ 75.820202020202018, 11.692929292929293 ], [ 75.951515151515153, 11.692929292929293 ], [ 76.017171717171721, 11.692929292929293 ], [ 76.138383838383831, 11.692929292929293 ], [ 76.168686868686862, 11.692929292929293 ], [ 75.810101010101008, 11.697979797979798 ], [ 75.956565656565658, 11.697979797979798 ], [ 76.017171717171721, 11.697979797979798 ], [ 75.976767676767679, 11.703030303030303 ], [ 76.002020202020205, 11.703030303030303 ], [ 76.24444444444444, 11.773737373737374 ], [ 76.25454545454545, 11.773737373737374 ], [ 76.239393939393935, 11.778787878787879 ], [ 76.259595959595956, 11.778787878787879 ], [ 76.23434343434343, 11.783838383838384 ], [ 76.264646464646461, 11.783838383838384 ], [ 76.23434343434343, 11.78888888888889 ], [ 76.264646464646461, 11.78888888888889 ], [ 76.23434343434343, 11.793939393939395 ], [ 76.259595959595956, 11.793939393939395 ], [ 75.941414141414143, 11.814141414141414 ], [ 75.991919191919195, 11.814141414141414 ], [ 76.148484848484841, 11.814141414141414 ], [ 76.193939393939388, 11.814141414141414 ], [ 75.815151515151513, 11.819191919191919 ], [ 75.941414141414143, 11.819191919191919 ], [ 75.9969696969697, 11.819191919191919 ], [ 76.138383838383831, 11.819191919191919 ], [ 76.193939393939388, 11.819191919191919 ], [ 75.825252525252523, 11.824242424242424 ], [ 75.946464646464648, 11.824242424242424 ], [ 75.9969696969697, 11.824242424242424 ], [ 76.133333333333326, 11.824242424242424 ], [ 76.193939393939388, 11.824242424242424 ], [ 75.825252525252523, 11.829292929292929 ], [ 75.946464646464648, 11.829292929292929 ], [ 75.9969696969697, 11.829292929292929 ], [ 76.133333333333326, 11.829292929292929 ], [ 76.193939393939388, 11.829292929292929 ], [ 75.825252525252523, 11.834343434343435 ], [ 75.951515151515153, 11.834343434343435 ], [ 75.9969696969697, 11.834343434343435 ], [ 76.133333333333326, 11.834343434343435 ], [ 76.188888888888883, 11.834343434343435 ], [ 75.820202020202018, 11.83939393939394 ], [ 75.961616161616163, 11.83939393939394 ], [ 75.991919191919195, 11.83939393939394 ], [ 76.138383838383831, 11.83939393939394 ], [ 76.188888888888883, 11.83939393939394 ], [ 75.815151515151513, 11.844444444444445 ], [ 76.138383838383831, 11.844444444444445 ], [ 76.183838383838378, 11.844444444444445 ], [ 76.143434343434336, 11.84949494949495 ], [ 76.178787878787873, 11.84949494949495 ], [ 76.153535353535347, 11.854545454545455 ], [ 76.168686868686862, 11.854545454545455 ] ] } },
{ "type": "Feature", "properties": { "elevation_m": 950.0 }, "geometry": { "type": "LineString", "coordinates": [ [ 76.062626262626253, 11.4 ], [ 76.067676767676758, 11.4 ], [ 76.052525252525243, 11.405050505050506 ], [ 76.077777777777769, 11.405050505050506 ], [ 76.24444444444444, 11.405050505050506 ], [ 76.264646464646461, 11.405050505050506 ], [ 76.047474747474752, 11.410101010101011 ], [ 76.082828282828274, 11.410101010101011 ], [ 76.23434343434343, 11.410101010101011 ], [ 76.269696969696966, 11.410101010101011 ], [ 75.890909090909091, 11.415151515151516 ], [ 75.901010101010101, 11.415151515151516 ], [ 76.042424242424246, 11.415151515151516 ], [ 76.082828282828274, 11.415151515151516 ], [ 76.229292929292924, 11.415151515151516 ], [ 76.274747474747471, 11.415151515151516 ], [ 75.885858585858585, 11.420202020202021 ], [ 75.906060606060606, 11.420202020202021 ], [ 76.042424242424246, 11.420202020202021 ], [ 76.082828282828274, 11.420202020202021 ], [ 76.229292929292924, 11.420202020202021 ], [ 76.279797979797976, 11.420202020202021 ], [ 75.885858585858585, 11.425252525252526 ], [ 75.906060606060606, 11.425252525252526 ], [ 76.042424242424246, 11.425252525252526 ], [ 76.077777777777769, 11.425252525252526 ], [ 76.229292929292924, 11.425252525252526 ], [ 76.279797979797976, 11.425252525252526 ], [ 76.229292929292924, 11.430303030303032 ], [ 76.279797979797976, 11.430303030303032 ], [ 76.239393939393935, 11.435353535353535 ], [ 76.274747474747471, 11.435353535353535 ], [ 75.87070707070707, 11.546464646464647 ], [ 75.901010101010101, 11.546464646464647 ], [ 75.855555555555554, 11.551515151515153 ], [ 75.916161616161617, 11.551515151515153 ], [ 76.224242424242419, 11.551515151515153 ], [ 76.259595959595956, 11.551515151515153 ], [ 75.850505050505049, 11.556565656565656 ], [ 75.916161616161617, 11.556565656565656 ], [ 76.057575757575748, 11.556565656565656 ], [ 76.092929292929284, 11.556565656565656 ], [ 76.214141414141409, 11.556565656565656 ], [ 76.269696969696966, 11.556565656565656 ], [ 75.850505050505049, 11.561616161616161 ], [ 75.921212121212122, 11.561616161616161 ], [ 76.047474747474752, 11.561616161616161 ], [ 76.097979797979789, 11.561616161616161 ], [ 76.214141414141409, 11.561616161616161 ], [ 76.269696969696966, 11.561616161616161 ], [ 75.850505050505049, 11.566666666666666 ], [ 75.921212121212122, 11.566666666666666 ], [ 76.047474747474752, 11.566666666666666 ], [ 76.103030303030295, 11.566666666666666 ], [ 76.214141414141409, 11.566666666666666 ], [ 76.269696969696966, 11.566666666666666 ], [ 75.850505050505049, 11.571717171717172 ], [ 75.916161616161617, 11.571717171717172 ], [ 76.047474747474752, 11.571717171717172 ], [ 76.103030303030295, 11.571717171717172 ], [ 76.219191919191914, 11.571717171717172 ], [ 76.269696969696966, 11.571717171717172 ], [ 75.855555555555554, 11.576767676767677 ], [ 75.916161616161617, 11.576767676767677 ], [ 76.047474747474752, 11.576767676767677 ], [ 76.097979797979789, 11.576767676767677 ], [ 76.219191919191914, 11.576767676767677 ], [ 76.264646464646461, 11.576767676767677 ], [ 75.860606060606059, 11.581818181818182 ], [ 75.911111111111111, 11.581818181818182 ], [ 76.052525252525243, 11.581818181818182 ], [ 76.097979797979789, 11.581818181818182 ], [ 76.229292929292924, 11.581818181818182 ], [ 76.259595959595956, 11.581818181818182 ], [ 75.865656565656565, 11.586868686868687 ], [ 75.906060606060606, 11.586868686868687 ], [ 76.057575757575748, 11.586868686868687 ], [ 76.092929292929284, 11.586868686868687 ], [ 75.810101010101008, 11.657575757575758 ], [ 75.820202020202018, 11.662626262626263 ], [ 75.966666666666669, 11.662626262626263 ], [ 76.002020202020205, 11.662626262626263 ], [ 76.138383838383831, 11.662626262626263 ], [ 76.168686868686862, 11.662626262626263 ], [ 75.825252525252523, 11.667676767676769 ], [ 75.961616161616163, 11.667676767676769 ], [ 76.00707070707071, 11.667676767676769 ], [ 76.133333333333326, 11.667676767676769 ], [ 76.173737373737367, 11.667676767676769 ], [ 75.825252525252523, 11.672727272727274 ], [ 75.956565656565658, 11.672727272727274 ], [ 76.012121212121215, 11.672727272727274 ], [ 76.133333333333326, 11.672727272727274 ], [ 76.178787878787873, 11.672727272727274 ], [ 75.825252525252523, 11.677777777777779 ], [ 75.951515151515153, 11.677777777777779 ], [ 76.017171717171721, 11.677777777777779 ], [ 76.128282828282821, 11.677777777777779 ], [ 76.178787878787873, 11.677777777777779 ], [ 75.825252525252523, 11.682828282828282 ], [ 75.951515151515153, 11.682828282828282 ], [ 76.017171717171721, 11.682828282828282 ], [ 76.133333333333326, 11.682828282828282 ], [ 76.178787878787873, 11.682828282828282 ], [ 75.820202020202018, 11.687878787878788 ], [ 75.951515151515153, 11.687878787878788 ], [ 76.017171717171721, 11.687878787878788 ], [ 76.133333333333326, 11.687878787878788 ], [ 76.173737373737367, 11.687878787878788 ], [ 75.815151515151513, 11.692929292929293 ], [ 75.956565656565658, 11.692929292929293 ], [ 76.012121212121215, 11.692929292929293 ], [ 75.966666666666669, 11.697979797979798 ], [ 76.00707070707071, 11.697979797979798 ], [ 75.961616161616163, 11.814141414141414 ], [ 75.976767676767679, 11.814141414141414 ], [ 76.163636363636357, 11.814141414141414 ], [ 76.173737373737367, 11.814141414141414 ], [ 75.951515151515153, 11.819191919191919 ], [ 75.986868686868689, 11.819191919191919 ], [ 76.143434343434336, 11.819191919191919 ], [ 76.188888888888883, 11.819191919191919 ], [ 75.8, 11.824242424242424 ], [ 75.815151515151513, 11.824242424242424 ], [ 75.951515151515153, 11.824242424242424 ], [ 75.991919191919195, 11.824242424242424 ], [ 76.138383838383831, 11.824242424242424 ], [ 76.188888888888883, 11.824242424242424 ], [ 75.815151515151513, 11.829292929292929 ], [ 75.956565656565658, 11.829292929292929 ], [ 75.991919191919195, 11.829292929292929 ], [ 76.138383838383831, 11.829292929292929 ], [ 76.188888888888883, 11.829292929292929 ], [ 75.815151515151513, 11.834343434343435 ], [ 75.961616161616163, 11.834343434343435 ], [ 75.986868686868689, 11.834343434343435 ], [ 76.138383838383831, 11.834343434343435 ], [ 76.183838383838378, 11.834343434343435 ], [ 75.810101010101008, 11.83939393939394 ], [ 75.971717171717174, 11.83939393939394 ], [ 75.981818181818184, 11.83939393939394 ], [ 76.143434343434336, 11.83939393939394 ], [ 76.183838383838378, 11.83939393939394 ], [ 76.143434343434336, 11.844444444444445 ], [ 76.178787878787873, 11.844444444444445 ], [ 76.153535353535347, 11.84949494949495 ], [ 76.168686868686862, 11.84949494949495 ] ] } },
{ "type": "Feature", "properties": { "elevation_m": 1000.0 }, "geometry": { "type": "LineString", "coordinates": [ [ 76.052525252525243, 11.410101010101011 ], [ 76.072727272727263, 11.410101010101011 ], [ 76.24444444444444, 11.410101010101011 ], [ 76.264646464646461, 11.410101010101011 ], [ 76.052525252525243, 11.415151515151516 ], [ 76.077777777777769, 11.415151515151516 ], [ 76.239393939393935, 11.415151515151516 ], [ 76.269696969696966, 11.415151515151516 ], [ 76.052525252525243, 11.420202020202021 ], [ 76.072727272727263, 11.420202020202021 ], [ 76.23434343434343, 11.420202020202021 ], [ 76.274747474747471, 11.420202020202021 ], [ 76.23434343434343, 11.425252525252526 ], [ 76.274747474747471, 11.425252525252526 ], [ 76.239393939393935, 11.430303030303032 ], [ 76.269696969696966, 11.430303030303032 ], [ 75.865656565656565, 11.551515151515153 ], [ 75.906060606060606, 11.551515151515153 ], [ 76.239393939393935, 11.551515151515153 ], [ 76.24444444444444, 11.551515151515153 ], [ 75.855555555555554, 11.556565656565656 ], [ 75.916161616161617, 11.556565656565656 ], [ 76.067676767676758, 11.556565656565656 ], [ 76.082828282828274, 11.556565656565656 ], [ 76.224242424242419, 11.556565656565656 ], [ 76.259595959595956, 11.556565656565656 ], [ 75.855555555555554, 11.561616161616161 ], [ 75.916161616161617, 11.561616161616161 ], [ 76.052525252525243, 11.561616161616161 ], [ 76.092929292929284, 11.561616161616161 ], [ 76.219191919191914, 11.561616161616161 ], [ 76.264646464646461, 11.561616161616161 ], [ 75.855555555555554, 11.566666666666666 ], [ 75.916161616161617, 11.566666666666666 ], [ 76.052525252525243, 11.566666666666666 ], [ 76.097979797979789, 11.566666666666666 ], [ 76.219191919191914, 11.566666666666666 ], [ 76.264646464646461, 11.566666666666666 ], [ 75.855555555555554, 11.571717171717172 ], [ 75.916161616161617, 11.571717171717172 ], [ 76.052525252525243, 11.571717171717172 ], [ 76.097979797979789, 11.571717171717172 ], [ 76.219191919191914, 11.571717171717172 ], [ 76.264646464646461, 11.571717171717172 ], [ 75.860606060606059, 11.576767676767677 ], [ 75.911111111111111, 11.576767676767677 ], [ 76.052525252525243, 11.576767676767677 ], [ 76.097979797979789, 11.576767676767677 ], [ 76.224242424242419, 11.576767676767677 ], [ 76.259595959595956, 11.576767676767677 ], [ 75.865656565656565, 11.581818181818182 ], [ 75.906060606060606, 11.581818181818182 ], [ 76.057575757575748, 11.581818181818182 ], [ 76.092929292929284, 11.581818181818182 ], [ 76.23434343434343, 11.581818181818182 ], [ 76.25454545454545, 11.581818181818182 ], [ 75.87070707070707, 11.586868686868687 ], [ 75.895959595959596, 11.586868686868687 ], [ 76.062626262626253, 11.586868686868687 ], [ 76.082828282828274, 11.586868686868687 ], [ 75.805050505050502, 11.657575757575758 ], [ 75.815151515151513, 11.662626262626263 ], [ 75.976767676767679, 11.662626262626263 ], [ 75.991919191919195, 11.662626262626263 ], [ 75.820202020202018, 11.667676767676769 ], [ 75.966666666666669, 11.667676767676769 ], [ 76.002020202020205, 11.667676767676769 ], [ 76.138383838383831, 11.667676767676769 ], [ 76.168686868686862, 11.667676767676769 ], [ 75.820202020202018, 11.672727272727274 ], [ 75.961616161616163, 11.672727272727274 ], [ 76.00707070707071, 11.672727272727274 ], [ 76.138383838383831, 11.672727272727274 ], [ 76.173737373737367, 11.672727272727274 ], [ 75.820202020202018, 11.677777777777779 ], [ 75.956565656565658, 11.677777777777779 ], [ 76.012121212121215, 11.677777777777779 ], [ 76.133333333333326, 11.677777777777779 ], [ 76.173737373737367, 11.677777777777779 ], [ 75.820202020202018, 11.682828282828282 ], [ 75.956565656565658, 11.682828282828282 ], [ 76.012121212121215, 11.682828282828282 ], [ 76.138383838383831, 11.682828282828282 ], [ 76.173737373737367, 11.682828282828282 ], [ 75.815151515151513, 11.687878787878788 ], [ 75.956565656565658, 11.687878787878788 ], [ 76.012121212121215, 11.687878787878788 ], [ 76.143434343434336, 11.687878787878788 ], [ 76.163636363636357, 11.687878787878788 ], [ 75.810101010101008, 11.692929292929293 ], [ 75.961616161616163, 11.692929292929293 ], [ 76.00707070707071, 11.692929292929293 ], [ 75.976767676767679, 11.697979797979798 ], [ 75.9969696969697, 11.697979797979798 ], [ 76.153535353535347, 11.819191919191919 ], [ 76.178787878787873, 11.819191919191919 ], [ 75.961616161616163, 11.824242424242424 ], [ 75.981818181818184, 11.824242424242424 ], [ 76.148484848484841, 11.824242424242424 ], [ 76.183838383838378, 11.824242424242424 ], [ 75.966666666666669, 11.829292929292929 ], [ 75.981818181818184, 11.829292929292929 ], [ 76.143434343434336, 11.829292929292929 ], [ 76.183838383838378, 11.829292929292929 ], [ 76.143434343434336, 11.834343434343435 ], [ 76.178787878787873, 11.834343434343435 ], [ 76.148484848484841, 11.83939393939394 ], [ 76.178787878787873, 11.83939393939394 ], [ 76.153535353535347, 11.844444444444445 ], [ 76.173737373737367, 11.844444444444445 ] ] } },
{ "type": "Feature", "properties": { "elevation_m": 1050.0 }, "geometry": { "type": "LineString", "coordinates": [ [ 76.249494949494945, 11.415151515151516 ], [ 76.259595959595956, 11.415151515151516 ], [ 76.24444444444444, 11.420202020202021 ], [ 76.264646464646461, 11.420202020202021 ], [ 76.24444444444444, 11.425252525252526 ], [ 76.264646464646461, 11.425252525252526 ], [ 75.87070707070707, 11.551515151515153 ], [ 75.901010101010101, 11.551515151515153 ], [ 75.860606060606059, 11.556565656565656 ], [ 75.911111111111111, 11.556565656565656 ], [ 76.23434343434343, 11.556565656565656 ], [ 76.25454545454545, 11.556565656565656 ], [ 75.860606060606059, 11.561616161616161 ], [ 75.911111111111111, 11.561616161616161 ], [ 76.062626262626253, 11.561616161616161 ], [ 76.087878787878779, 11.561616161616161 ], [ 76.224242424242419, 11.561616161616161 ], [ 76.259595959595956, 11.561616161616161 ], [ 75.860606060606059, 11.566666666666666 ], [ 75.911111111111111, 11.566666666666666 ], [ 76.057575757575748, 11.566666666666666 ], [ 76.092929292929284, 11.566666666666666 ], [ 76.224242424242419, 11.566666666666666 ], [ 76.259595959595956, 11.566666666666666 ], [ 75.860606060606059, 11.571717171717172 ], [ 75.911111111111111, 11.571717171717172 ], [ 76.052525252525243, 11.571717171717172 ], [ 76.092929292929284, 11.571717171717172 ], [ 76.229292929292924, 11.571717171717172 ], [ 76.259595959595956, 11.571717171717172 ], [ 75.860606060606059, 11.576767676767677 ], [ 75.906060606060606, 11.576767676767677 ], [ 76.057575757575748, 11.576767676767677 ], [ 76.087878787878779, 11.576767676767677 ], [ 76.23434343434343, 11.576767676767677 ], [ 76.25454545454545, 11.576767676767677 ], [ 75.87070707070707, 11.581818181818182 ], [ 75.901010101010101, 11.581818181818182 ], [ 76.062626262626253, 11.581818181818182 ], [ 76.082828282828274, 11.581818181818182 ], [ 75.810101010101008, 11.662626262626263 ], [ 75.815151515151513, 11.667676767676769 ], [ 75.971717171717174, 11.667676767676769 ], [ 75.9969696969697, 11.667676767676769 ], [ 75.820202020202018, 11.672727272727274 ], [ 75.961616161616163, 11.672727272727274 ], [ 76.002020202020205, 11.672727272727274 ], [ 76.143434343434336, 11.672727272727274 ], [ 76.163636363636357, 11.672727272727274 ], [ 75.820202020202018, 11.677777777777779 ], [ 75.961616161616163, 11.677777777777779 ], [ 76.00707070707071, 11.677777777777779 ], [ 76.143434343434336, 11.677777777777779 ], [ 76.168686868686862, 11.677777777777779 ], [ 75.815151515151513, 11.682828282828282 ], [ 75.961616161616163, 11.682828282828282 ], [ 76.00707070707071, 11.682828282828282 ], [ 76.148484848484841, 11.682828282828282 ], [ 76.163636363636357, 11.682828282828282 ], [ 75.810101010101008, 11.687878787878788 ], [ 75.961616161616163, 11.687878787878788 ], [ 76.00707070707071, 11.687878787878788 ], [ 75.966666666666669, 11.692929292929293 ], [ 76.002020202020205, 11.692929292929293 ], [ 76.158585858585852, 11.824242424242424 ], [ 76.173737373737367, 11.824242424242424 ], [ 76.148484848484841, 11.829292929292929 ], [ 76.173737373737367, 11.829292929292929 ], [ 76.148484848484841, 11.834343434343435 ], [ 76.173737373737367, 11.834343434343435 ], [ 76.153535353535347, 11.83939393939394 ], [ 76.168686868686862, 11.83939393939394 ] ] } },
{ "type": "Feature", "properties": { "elevation_m": 1100.0 }, "geometry": { "type": "LineString", "coordinates": [ [ 75.87070707070707, 11.556565656565656 ], [ 75.901010101010101, 11.556565656565656 ], [ 75.865656565656565, 11.561616161616161 ], [ 75.906060606060606, 11.561616161616161 ], [ 76.23434343434343, 11.561616161616161 ], [ 76.249494949494945, 11.561616161616161 ], [ 75.860606060606059, 11.566666666666666 ], [ 75.906060606060606, 11.566666666666666 ], [ 76.062626262626253, 11.566666666666666 ], [ 76.082828282828274, 11.566666666666666 ], [ 76.23434343434343, 11.566666666666666 ], [ 76.25454545454545, 11.566666666666666 ], [ 75.865656565656565, 11.571717171717172 ], [ 75.906060606060606, 11.571717171717172 ], [ 76.062626262626253, 11.571717171717172 ], [ 76.087878787878779, 11.571717171717172 ], [ 76.23434343434343, 11.571717171717172 ], [ 76.25454545454545, 11.571717171717172 ], [ 75.865656565656565, 11.576767676767677 ], [ 75.901010101010101, 11.576767676767677 ], [ 76.062626262626253, 11.576767676767677 ], [ 76.082828282828274, 11.576767676767677 ], [ 75.875757575757575, 11.581818181818182 ], [ 75.895959595959596, 11.581818181818182 ], [ 75.810101010101008, 11.667676767676769 ], [ 75.815151515151513, 11.672727272727274 ], [ 75.971717171717174, 11.672727272727274 ], [ 75.9969696969697, 11.672727272727274 ], [ 75.815151515151513, 11.677777777777779 ], [ 75.966666666666669, 11.677777777777779 ], [ 76.002020202020205, 11.677777777777779 ], [ 75.810101010101008, 11.682828282828282 ], [ 75.966666666666669, 11.682828282828282 ], [ 76.002020202020205, 11.682828282828282 ], [ 75.805050505050502, 11.687878787878788 ], [ 75.966666666666669, 11.687878787878788 ], [ 76.002020202020205, 11.687878787878788 ] ] } },
{ "type": "Feature", "properties": { "elevation_m": 1150.0 }, "geometry": { "type": "LineString", "coordinates": [ [ 75.88080808080808, 11.556565656565656 ], [ 75.890909090909091, 11.556565656565656 ], [ 75.87070707070707, 11.561616161616161 ], [ 75.901010101010101, 11.561616161616161 ], [ 75.87070707070707, 11.566666666666666 ], [ 75.901010101010101, 11.566666666666666 ], [ 75.87070707070707, 11.571717171717172 ], [ 75.901010101010101, 11.571717171717172 ], [ 75.875757575757575, 11.576767676767677 ], [ 75.895959595959596, 11.576767676767677 ], [ 75.8, 11.667676767676769 ], [ 75.805050505050502, 11.672727272727274 ], [ 75.981818181818184, 11.672727272727274 ], [ 75.986868686868689, 11.672727272727274 ], [ 75.805050505050502, 11.677777777777779 ], [ 75.971717171717174, 11.677777777777779 ], [ 75.991919191919195, 11.677777777777779 ], [ 75.805050505050502, 11.682828282828282 ], [ 75.971717171717174, 11.682828282828282 ], [ 75.9969696969697, 11.682828282828282 ], [ 75.981818181818184, 11.687878787878788 ], [ 75.986868686868689, 11.687878787878788 ] ] } },
{ "type": "Feature", "properties": { "elevation_m": 1200.0 }, "geometry": { "type": "LineString", "coordinates": [ [ 75.88080808080808, 11.561616161616161 ], [ 75.890909090909091, 11.561616161616161 ], [ 75.875757575757575, 11.566666666666666 ], [ 75.895959595959596, 11.566666666666666 ], [ 75.875757575757575, 11.571717171717172 ], [ 75.895959595959596, 11.571717171717172 ] ] } }
]
}
